gene	position	entropy
E	5	0.002
E	9	0.010
E	14	0.002
E	20	0.002
E	21	0.069
E	24	0.004
E	32	0.002
E	41	0.002
E	46	0.002
E	49	0.008
E	52	0.004
E	53	0.002
E	55	0.002
E	58	0.015
E	61	0.002
E	62	0.010
E	63	0.002
E	66	0.002
E	67	0.004
E	68	0.020
E	69	0.009
E	71	0.206
E	72	0.011
E	73	0.016
E	75	0.004
M	2	0.022
M	3	0.028
M	4	0.013
M	6	0.002
M	7	0.002
M	10	0.002
M	12	0.004
M	15	0.005
M	17	0.010
M	19	0.002
M	23	0.004
M	26	0.002
M	28	0.030
M	29	0.012
M	34	0.002
M	44	0.023
M	45	0.002
M	46	0.004
M	48	0.010
M	52	0.004
M	53	0.002
M	63	0.009
M	66	0.002
M	68	0.002
M	69	0.006
M	70	0.049
M	73	0.004
M	75	0.007
M	76	0.002
M	79	0.002
M	82	0.081
M	84	0.016
M	85	0.013
M	86	0.004
M	88	0.002
M	94	0.002
M	98	0.012
M	104	0.006
M	107	0.002
M	125	0.016
M	127	0.002
M	136	0.004
M	138	0.002
M	142	0.002
M	148	0.011
M	153	0.002
M	155	0.021
M	158	0.004
M	161	0.002
M	162	0.004
M	164	0.002
M	165	0.002
M	166	0.002
M	167	0.005
M	168	0.002
M	169	0.002
M	175	0.016
M	188	0.012
M	208	0.023
M	209	0.016
M	210	0.002
M	212	0.004
M	214	0.002
M	215	0.005
N	2	0.142
N	3	0.426
N	5	0.002
N	6	0.026
N	7	0.007
N	8	0.023
N	9	0.035
N	10	0.002
N	11	0.012
N	12	0.073
N	13	0.186
N	14	0.011
N	16	0.010
N	18	0.019
N	19	0.006
N	20	0.002
N	22	0.015
N	24	0.006
N	25	0.011
N	27	0.002
N	28	0.007
N	29	0.005
N	30	0.015
N	31	0.005
N	32	0.004
N	33	0.007
N	34	0.015
N	35	0.027
N	36	0.002
N	37	0.002
N	38	0.002
N	39	0.012
N	40	0.002
N	41	0.006
N	46	0.002
N	47	0.002
N	48	0.005
N	49	0.006
N	55	0.002
N	62	0.005
N	63	0.005
N	65	0.002
N	66	0.002
N	67	0.238
N	70	0.013
N	72	0.017
N	76	0.002
N	78	0.004
N	80	0.070
N	81	0.007
N	83	0.005
N	90	0.020
N	93	0.002
N	96	0.002
N	101	0.002
N	103	0.006
N	119	0.060
N	120	0.002
N	122	0.002
N	125	0.002
N	128	0.039
N	134	0.002
N	135	0.024
N	136	0.002
N	137	0.002
N	138	0.002
N	139	0.020
N	141	0.013
N	144	0.023
N	145	0.038
N	148	0.004
N	151	0.023
N	152	0.008
N	155	0.006
N	156	0.008
N	157	0.002
N	158	0.002
N	159	0.002
N	160	0.017
N	162	0.005
N	163	0.006
N	164	0.002
N	166	0.002
N	168	0.016
N	173	0.002
N	178	0.008
N	179	0.002
N	180	0.007
N	181	0.006
N	182	0.010
N	183	0.022
N	185	0.007
N	186	0.019
N	187	0.059
N	188	0.006
N	190	0.022
N	191	0.005
N	192	0.007
N	193	0.024
N	194	0.301
N	195	0.022
N	196	0.002
N	197	0.088
N	198	0.011
N	199	0.276
N	200	0.012
N	201	0.004
N	202	0.138
N	203	0.713
N	204	0.735
N	205	0.341
N	206	0.035
N	207	0.039
N	208	0.017
N	209	0.047
N	210	0.027
N	211	0.044
N	212	0.040
N	213	0.002
N	214	0.015
N	215	0.015
N	216	0.005
N	217	0.004
N	218	0.002
N	219	0.002
N	220	0.163
N	226	0.002
N	227	0.002
N	229	0.007
N	230	0.002
N	232	0.011
N	234	0.201
N	235	0.371
N	236	0.004
N	238	0.022
N	239	0.002
N	241	0.002
N	242	0.002
N	243	0.007
N	244	0.009
N	246	0.002
N	247	0.002
N	249	0.004
N	250	0.007
N	251	0.006
N	252	0.012
N	254	0.004
N	256	0.005
N	259	0.002
N	260	0.002
N	262	0.002
N	267	0.002
N	270	0.012
N	271	0.004
N	279	0.007
N	281	0.002
N	282	0.006
N	288	0.002
N	292	0.088
N	296	0.007
N	299	0.002
N	300	0.014
N	307	0.002
N	308	0.015
N	311	0.004
N	317	0.002
N	319	0.004
N	320	0.002
N	322	0.010
N	325	0.004
N	326	0.011
N	327	0.016
N	328	0.002
N	332	0.002
N	334	0.008
N	336	0.004
N	337	0.002
N	341	0.002
N	343	0.007
N	344	0.006
N	345	0.002
N	348	0.018
N	349	0.002
N	350	0.015
N	351	0.002
N	355	0.002
N	358	0.002
N	362	0.032
N	363	0.006
N	364	0.044
N	365	0.047
N	366	0.071
N	367	0.014
N	368	0.007
N	369	0.002
N	370	0.002
N	371	0.017
N	372	0.002
N	373	0.006
N	374	0.002
N	376	0.100
N	377	0.134
N	378	0.020
N	379	0.016
N	380	0.004
N	381	0.005
N	382	0.004
N	383	0.047
N	384	0.014
N	385	0.016
N	387	0.004
N	389	0.029
N	390	0.007
N	391	0.043
N	392	0.004
N	393	0.010
N	395	0.002
N	398	0.031
N	399	0.022
N	400	0.002
N	401	0.021
N	402	0.016
N	405	0.002
N	409	0.005
N	413	0.012
N	414	0.018
N	416	0.006
N	417	0.002
N	418	0.031
ORF1a	4	0.023
ORF1a	6	0.002
ORF1a	10	0.007
ORF1a	12	0.002
ORF1a	14	0.002
ORF1a	15	0.002
ORF1a	16	0.002
ORF1a	17	0.002
ORF1a	24	0.041
ORF1a	27	0.011
ORF1a	28	0.008
ORF1a	29	0.002
ORF1a	30	0.004
ORF1a	31	0.002
ORF1a	34	0.004
ORF1a	37	0.012
ORF1a	38	0.004
ORF1a	41	0.002
ORF1a	45	0.012
ORF1a	49	0.005
ORF1a	52	0.004
ORF1a	57	0.032
ORF1a	60	0.013
ORF1a	62	0.002
ORF1a	66	0.002
ORF1a	67	0.002
ORF1a	71	0.006
ORF1a	75	0.008
ORF1a	76	0.002
ORF1a	78	0.002
ORF1a	80	0.014
ORF1a	81	0.002
ORF1a	82	0.008
ORF1a	83	0.013
ORF1a	84	0.020
ORF1a	85	0.024
ORF1a	86	0.017
ORF1a	87	0.011
ORF1a	90	0.002
ORF1a	92	0.009
ORF1a	93	0.016
ORF1a	94	0.002
ORF1a	99	0.004
ORF1a	102	0.013
ORF1a	103	0.002
ORF1a	106	0.006
ORF1a	107	0.010
ORF1a	110	0.015
ORF1a	111	0.002
ORF1a	112	0.002
ORF1a	114	0.028
ORF1a	116	0.002
ORF1a	117	0.002
ORF1a	119	0.002
ORF1a	120	0.002
ORF1a	123	0.002
ORF1a	124	0.002
ORF1a	126	0.004
ORF1a	133	0.002
ORF1a	137	0.002
ORF1a	138	0.007
ORF1a	139	0.006
ORF1a	141	0.025
ORF1a	142	0.023
ORF1a	143	0.023
ORF1a	144	0.015
ORF1a	146	0.008
ORF1a	147	0.015
ORF1a	148	0.002
ORF1a	149	0.002
ORF1a	150	0.007
ORF1a	163	0.002
ORF1a	166	0.002
ORF1a	167	0.005
ORF1a	174	0.002
ORF1a	175	0.002
ORF1a	181	0.015
ORF1a	182	0.002
ORF1a	184	0.006
ORF1a	190	0.013
ORF1a	192	0.007
ORF1a	193	0.007
ORF1a	194	0.005
ORF1a	196	0.007
ORF1a	200	0.002
ORF1a	201	0.002
ORF1a	203	0.026
ORF1a	204	0.015
ORF1a	206	0.002
ORF1a	207	0.044
ORF1a	211	0.004
ORF1a	212	0.004
ORF1a	213	0.005
ORF1a	214	0.007
ORF1a	216	0.005
ORF1a	217	0.005
ORF1a	220	0.002
ORF1a	222	0.008
ORF1a	223	0.002
ORF1a	224	0.035
ORF1a	225	0.004
ORF1a	226	0.002
ORF1a	230	0.002
ORF1a	231	0.002
ORF1a	232	0.022
ORF1a	233	0.002
ORF1a	235	0.002
ORF1a	237	0.002
ORF1a	238	0.002
ORF1a	247	0.002
ORF1a	248	0.002
ORF1a	250	0.002
ORF1a	254	0.002
ORF1a	261	0.002
ORF1a	262	0.002
ORF1a	265	0.495
ORF1a	268	0.009
ORF1a	269	0.002
ORF1a	271	0.002
ORF1a	272	0.002
ORF1a	275	0.002
ORF1a	276	0.002
ORF1a	277	0.002
ORF1a	278	0.002
ORF1a	279	0.016
ORF1a	280	0.002
ORF1a	283	0.004
ORF1a	285	0.002
ORF1a	286	0.008
ORF1a	287	0.005
ORF1a	289	0.002
ORF1a	290	0.002
ORF1a	291	0.002
ORF1a	292	0.005
ORF1a	293	0.004
ORF1a	295	0.011
ORF1a	296	0.002
ORF1a	297	0.017
ORF1a	298	0.005
ORF1a	300	0.082
ORF1a	301	0.002
ORF1a	302	0.007
ORF1a	303	0.002
ORF1a	307	0.004
ORF1a	308	0.002
ORF1a	309	0.066
ORF1a	310	0.002
ORF1a	311	0.002
ORF1a	313	0.016
ORF1a	314	0.002
ORF1a	315	0.005
ORF1a	317	0.002
ORF1a	318	0.020
ORF1a	319	0.002
ORF1a	320	0.004
ORF1a	322	0.002
ORF1a	324	0.002
ORF1a	327	0.002
ORF1a	329	0.005
ORF1a	333	0.016
ORF1a	335	0.004
ORF1a	337	0.017
ORF1a	340	0.004
ORF1a	345	0.007
ORF1a	346	0.027
ORF1a	347	0.002
ORF1a	348	0.002
ORF1a	349	0.002
ORF1a	350	0.034
ORF1a	351	0.002
ORF1a	352	0.014
ORF1a	357	0.002
ORF1a	359	0.002
ORF1a	360	0.004
ORF1a	361	0.017
ORF1a	362	0.002
ORF1a	365	0.012
ORF1a	368	0.002
ORF1a	369	0.002
ORF1a	371	0.011
ORF1a	372	0.005
ORF1a	374	0.020
ORF1a	375	0.005
ORF1a	376	0.006
ORF1a	378	0.047
ORF1a	379	0.006
ORF1a	380	0.002
ORF1a	381	0.002
ORF1a	383	0.002
ORF1a	384	0.007
ORF1a	385	0.005
ORF1a	386	0.004
ORF1a	388	0.010
ORF1a	389	0.005
ORF1a	390	0.002
ORF1a	391	0.008
ORF1a	392	0.016
ORF1a	393	0.004
ORF1a	394	0.002
ORF1a	395	0.002
ORF1a	396	0.002
ORF1a	397	0.006
ORF1a	398	0.017
ORF1a	399	0.002
ORF1a	400	0.017
ORF1a	402	0.004
ORF1a	403	0.008
ORF1a	404	0.010
ORF1a	405	0.005
ORF1a	406	0.009
ORF1a	411	0.002
ORF1a	412	0.002
ORF1a	415	0.007
ORF1a	417	0.020
ORF1a	419	0.004
ORF1a	424	0.002
ORF1a	426	0.005
ORF1a	427	0.002
ORF1a	428	0.002
ORF1a	429	0.009
ORF1a	431	0.012
ORF1a	436	0.008
ORF1a	438	0.014
ORF1a	439	0.002
ORF1a	442	0.008
ORF1a	443	0.024
ORF1a	444	0.009
ORF1a	445	0.020
ORF1a	446	0.017
ORF1a	447	0.002
ORF1a	448	0.004
ORF1a	450	0.004
ORF1a	451	0.013
ORF1a	452	0.004
ORF1a	453	0.007
ORF1a	454	0.024
ORF1a	455	0.007
ORF1a	457	0.002
ORF1a	460	0.052
ORF1a	462	0.002
ORF1a	464	0.008
ORF1a	466	0.002
ORF1a	469	0.008
ORF1a	470	0.002
ORF1a	473	0.002
ORF1a	476	0.009
ORF1a	481	0.002
ORF1a	482	0.002
ORF1a	484	0.005
ORF1a	486	0.029
ORF1a	489	0.002
ORF1a	490	0.002
ORF1a	491	0.002
ORF1a	492	0.002
ORF1a	498	0.020
ORF1a	503	0.002
ORF1a	505	0.004
ORF1a	506	0.010
ORF1a	510	0.002
ORF1a	512	0.002
ORF1a	513	0.008
ORF1a	516	0.004
ORF1a	519	0.039
ORF1a	522	0.002
ORF1a	523	0.004
ORF1a	526	0.006
ORF1a	528	0.006
ORF1a	529	0.009
ORF1a	533	0.002
ORF1a	535	0.005
ORF1a	538	0.011
ORF1a	540	0.021
ORF1a	541	0.002
ORF1a	542	0.009
ORF1a	545	0.005
ORF1a	547	0.010
ORF1a	549	0.004
ORF1a	550	0.013
ORF1a	551	0.002
ORF1a	552	0.005
ORF1a	553	0.002
ORF1a	554	0.002
ORF1a	555	0.006
ORF1a	556	0.011
ORF1a	557	0.002
ORF1a	559	0.002
ORF1a	560	0.012
ORF1a	561	0.082
ORF1a	564	0.004
ORF1a	565	0.002
ORF1a	566	0.005
ORF1a	568	0.012
ORF1a	571	0.002
ORF1a	572	0.004
ORF1a	573	0.009
ORF1a	580	0.006
ORF1a	581	0.005
ORF1a	582	0.004
ORF1a	584	0.007
ORF1a	585	0.005
ORF1a	589	0.012
ORF1a	590	0.004
ORF1a	591	0.016
ORF1a	592	0.006
ORF1a	596	0.005
ORF1a	598	0.009
ORF1a	599	0.015
ORF1a	602	0.007
ORF1a	603	0.002
ORF1a	605	0.005
ORF1a	607	0.013
ORF1a	609	0.002
ORF1a	610	0.025
ORF1a	611	0.010
ORF1a	612	0.002
ORF1a	614	0.005
ORF1a	616	0.002
ORF1a	618	0.002
ORF1a	622	0.002
ORF1a	624	0.002
ORF1a	626	0.002
ORF1a	627	0.016
ORF1a	628	0.002
ORF1a	629	0.005
ORF1a	631	0.002
ORF1a	633	0.009
ORF1a	634	0.002
ORF1a	636	0.005
ORF1a	637	0.004
ORF1a	639	0.002
ORF1a	642	0.014
ORF1a	644	0.002
ORF1a	645	0.006
ORF1a	646	0.002
ORF1a	647	0.002
ORF1a	648	0.004
ORF1a	649	0.015
ORF1a	654	0.002
ORF1a	656	0.006
ORF1a	658	0.002
ORF1a	660	0.004
ORF1a	661	0.008
ORF1a	663	0.006
ORF1a	665	0.028
ORF1a	666	0.002
ORF1a	667	0.002
ORF1a	669	0.014
ORF1a	670	0.004
ORF1a	671	0.014
ORF1a	675	0.002
ORF1a	676	0.009
ORF1a	677	0.005
ORF1a	679	0.004
ORF1a	680	0.013
ORF1a	681	0.006
ORF1a	687	0.002
ORF1a	690	0.049
ORF1a	691	0.002
ORF1a	692	0.004
ORF1a	693	0.004
ORF1a	698	0.008
ORF1a	699	0.002
ORF1a	702	0.002
ORF1a	706	0.002
ORF1a	708	0.006
ORF1a	712	0.009
ORF1a	714	0.002
ORF1a	720	0.002
ORF1a	721	0.002
ORF1a	723	0.002
ORF1a	724	0.004
ORF1a	725	0.002
ORF1a	726	0.005
ORF1a	727	0.023
ORF1a	728	0.016
ORF1a	730	0.054
ORF1a	731	0.012
ORF1a	732	0.002
ORF1a	734	0.002
ORF1a	737	0.021
ORF1a	739	0.012
ORF1a	743	0.004
ORF1a	747	0.002
ORF1a	748	0.007
ORF1a	749	0.002
ORF1a	750	0.005
ORF1a	751	0.008
ORF1a	753	0.008
ORF1a	754	0.007
ORF1a	755	0.006
ORF1a	756	0.002
ORF1a	757	0.002
ORF1a	758	0.004
ORF1a	760	0.015
ORF1a	762	0.004
ORF1a	765	0.012
ORF1a	768	0.004
ORF1a	769	0.004
ORF1a	770	0.002
ORF1a	772	0.002
ORF1a	774	0.007
ORF1a	776	0.042
ORF1a	777	0.002
ORF1a	778	0.002
ORF1a	779	0.002
ORF1a	781	0.008
ORF1a	782	0.002
ORF1a	783	0.002
ORF1a	788	0.007
ORF1a	789	0.010
ORF1a	794	0.002
ORF1a	796	0.002
ORF1a	798	0.009
ORF1a	801	0.002
ORF1a	804	0.064
ORF1a	811	0.002
ORF1a	813	0.002
ORF1a	814	0.012
ORF1a	816	0.002
ORF1a	819	0.002
ORF1a	827	0.012
ORF1a	828	0.005
ORF1a	837	0.002
ORF1a	842	0.002
ORF1a	847	0.005
ORF1a	848	0.011
ORF1a	854	0.002
ORF1a	856	0.002
ORF1a	858	0.004
ORF1a	859	0.008
ORF1a	861	0.004
ORF1a	862	0.008
ORF1a	864	0.002
ORF1a	866	0.002
ORF1a	868	0.007
ORF1a	869	0.012
ORF1a	871	0.010
ORF1a	872	0.011
ORF1a	873	0.002
ORF1a	876	0.008
ORF1a	877	0.004
ORF1a	878	0.011
ORF1a	879	0.002
ORF1a	881	0.002
ORF1a	882	0.004
ORF1a	884	0.004
ORF1a	885	0.004
ORF1a	886	0.002
ORF1a	887	0.002
ORF1a	889	0.002
ORF1a	890	0.012
ORF1a	891	0.014
ORF1a	892	0.024
ORF1a	893	0.002
ORF1a	899	0.002
ORF1a	902	0.002
ORF1a	903	0.023
ORF1a	906	0.002
ORF1a	910	0.002
ORF1a	911	0.010
ORF1a	913	0.002
ORF1a	914	0.002
ORF1a	915	0.002
ORF1a	916	0.002
ORF1a	917	0.002
ORF1a	919	0.009
ORF1a	926	0.014
ORF1a	927	0.012
ORF1a	928	0.002
ORF1a	930	0.002
ORF1a	934	0.002
ORF1a	935	0.005
ORF1a	939	0.005
ORF1a	940	0.007
ORF1a	942	0.002
ORF1a	943	0.011
ORF1a	944	0.057
ORF1a	945	0.010
ORF1a	951	0.020
ORF1a	952	0.002
ORF1a	953	0.004
ORF1a	956	0.002
ORF1a	957	0.002
ORF1a	958	0.006
ORF1a	959	0.101
ORF1a	963	0.011
ORF1a	964	0.013
ORF1a	965	0.009
ORF1a	966	0.002
ORF1a	967	0.020
ORF1a	968	0.004
ORF1a	971	0.038
ORF1a	974	0.002
ORF1a	978	0.002
ORF1a	984	0.006
ORF1a	985	0.002
ORF1a	987	0.004
ORF1a	988	0.012
ORF1a	989	0.027
ORF1a	990	0.002
ORF1a	991	0.002
ORF1a	993	0.024
ORF1a	995	0.008
ORF1a	996	0.005
ORF1a	997	0.002
ORF1a	998	0.025
ORF1a	999	0.007
ORF1a	1000	0.011
ORF1a	1001	0.378
ORF1a	1002	0.002
ORF1a	1004	0.002
ORF1a	1007	0.004
ORF1a	1008	0.002
ORF1a	1009	0.015
ORF1a	1010	0.005
ORF1a	1013	0.030
ORF1a	1014	0.002
ORF1a	1015	0.002
ORF1a	1016	0.004
ORF1a	1017	0.002
ORF1a	1018	0.002
ORF1a	1020	0.002
ORF1a	1021	0.011
ORF1a	1022	0.004
ORF1a	1023	0.004
ORF1a	1024	0.009
ORF1a	1025	0.004
ORF1a	1026	0.007
ORF1a	1029	0.005
ORF1a	1034	0.002
ORF1a	1035	0.002
ORF1a	1036	0.034
ORF1a	1040	0.002
ORF1a	1042	0.002
ORF1a	1043	0.008
ORF1a	1047	0.002
ORF1a	1049	0.018
ORF1a	1051	0.002
ORF1a	1053	0.002
ORF1a	1054	0.009
ORF1a	1055	0.015
ORF1a	1056	0.042
ORF1a	1059	0.002
ORF1a	1062	0.002
ORF1a	1068	0.005
ORF1a	1069	0.002
ORF1a	1071	0.004
ORF1a	1073	0.028
ORF1a	1074	0.007
ORF1a	1076	0.002
ORF1a	1077	0.002
ORF1a	1078	0.002
ORF1a	1082	0.007
ORF1a	1083	0.002
ORF1a	1085	0.002
ORF1a	1086	0.005
ORF1a	1087	0.002
ORF1a	1088	0.005
ORF1a	1092	0.004
ORF1a	1093	0.005
ORF1a	1094	0.002
ORF1a	1095	0.009
ORF1a	1096	0.005
ORF1a	1097	0.002
ORF1a	1099	0.002
ORF1a	1102	0.006
ORF1a	1106	0.002
ORF1a	1108	0.018
ORF1a	1109	0.002
ORF1a	1110	0.002
ORF1a	1113	0.045
ORF1a	1118	0.002
ORF1a	1119	0.004
ORF1a	1124	0.005
ORF1a	1125	0.026
ORF1a	1128	0.004
ORF1a	1129	0.002
ORF1a	1130	0.013
ORF1a	1133	0.002
ORF1a	1136	0.002
ORF1a	1137	0.002
ORF1a	1143	0.016
ORF1a	1145	0.002
ORF1a	1148	0.002
ORF1a	1151	0.007
ORF1a	1153	0.006
ORF1a	1155	0.009
ORF1a	1156	0.002
ORF1a	1158	0.044
ORF1a	1159	0.012
ORF1a	1160	0.020
ORF1a	1161	0.002
ORF1a	1164	0.002
ORF1a	1166	0.002
ORF1a	1168	0.076
ORF1a	1169	0.002
ORF1a	1170	0.008
ORF1a	1171	0.005
ORF1a	1172	0.004
ORF1a	1175	0.058
ORF1a	1176	0.004
ORF1a	1177	0.002
ORF1a	1182	0.009
ORF1a	1183	0.002
ORF1a	1184	0.002
ORF1a	1188	0.070
ORF1a	1189	0.002
ORF1a	1190	0.002
ORF1a	1191	0.002
ORF1a	1192	0.011
ORF1a	1193	0.005
ORF1a	1194	0.002
ORF1a	1195	0.002
ORF1a	1196	0.009
ORF1a	1198	0.002
ORF1a	1199	0.005
ORF1a	1200	0.002
ORF1a	1202	0.036
ORF1a	1203	0.002
ORF1a	1204	0.011
ORF1a	1205	0.007
ORF1a	1206	0.009
ORF1a	1207	0.019
ORF1a	1208	0.004
ORF1a	1209	0.007
ORF1a	1210	0.007
ORF1a	1211	0.005
ORF1a	1212	0.002
ORF1a	1213	0.014
ORF1a	1214	0.002
ORF1a	1215	0.002
ORF1a	1217	0.002
ORF1a	1220	0.012
ORF1a	1221	0.004
ORF1a	1223	0.011
ORF1a	1225	0.004
ORF1a	1227	0.002
ORF1a	1228	0.004
ORF1a	1230	0.012
ORF1a	1232	0.006
ORF1a	1234	0.002
ORF1a	1236	0.010
ORF1a	1237	0.002
ORF1a	1240	0.002
ORF1a	1241	0.006
ORF1a	1242	0.011
ORF1a	1245	0.002
ORF1a	1246	0.140
ORF1a	1247	0.021
ORF1a	1248	0.002
ORF1a	1249	0.004
ORF1a	1250	0.008
ORF1a	1257	0.002
ORF1a	1259	0.008
ORF1a	1262	0.011
ORF1a	1264	0.002
ORF1a	1265	0.005
ORF1a	1270	0.005
ORF1a	1276	0.010
ORF1a	1277	0.002
ORF1a	1280	0.004
ORF1a	1281	0.002
ORF1a	1282	0.002
ORF1a	1283	0.016
ORF1a	1287	0.007
ORF1a	1290	0.002
ORF1a	1291	0.030
ORF1a	1292	0.002
ORF1a	1293	0.002
ORF1a	1295	0.018
ORF1a	1298	0.025
ORF1a	1299	0.002
ORF1a	1303	0.002
ORF1a	1305	0.025
ORF1a	1306	0.002
ORF1a	1307	0.002
ORF1a	1310	0.002
ORF1a	1311	0.006
ORF1a	1312	0.008
ORF1a	1314	0.004
ORF1a	1316	0.004
ORF1a	1321	0.002
ORF1a	1334	0.002
ORF1a	1338	0.002
ORF1a	1339	0.002
ORF1a	1340	0.002
ORF1a	1341	0.002
ORF1a	1344	0.009
ORF1a	1345	0.002
ORF1a	1346	0.002
ORF1a	1348	0.007
ORF1a	1351	0.002
ORF1a	1352	0.016
ORF1a	1354	0.002
ORF1a	1360	0.005
ORF1a	1361	0.015
ORF1a	1363	0.002
ORF1a	1374	0.002
ORF1a	1375	0.004
ORF1a	1378	0.023
ORF1a	1379	0.002
ORF1a	1381	0.008
ORF1a	1386	0.004
ORF1a	1391	0.002
ORF1a	1397	0.017
ORF1a	1398	0.020
ORF1a	1401	0.008
ORF1a	1404	0.002
ORF1a	1407	0.006
ORF1a	1409	0.002
ORF1a	1410	0.005
ORF1a	1413	0.009
ORF1a	1415	0.004
ORF1a	1416	0.002
ORF1a	1419	0.002
ORF1a	1426	0.002
ORF1a	1428	0.008
ORF1a	1429	0.013
ORF1a	1430	0.002
ORF1a	1440	0.005
ORF1a	1459	0.002
ORF1a	1463	0.002
ORF1a	1464	0.007
ORF1a	1465	0.004
ORF1a	1468	0.004
ORF1a	1472	0.007
ORF1a	1473	0.010
ORF1a	1474	0.002
ORF1a	1493	0.002
ORF1a	1496	0.008
ORF1a	1497	0.021
ORF1a	1499	0.015
ORF1a	1500	0.009
ORF1a	1502	0.002
ORF1a	1503	0.002
ORF1a	1506	0.002
ORF1a	1507	0.010
ORF1a	1510	0.004
ORF1a	1511	0.002
ORF1a	1512	0.004
ORF1a	1513	0.002
ORF1a	1515	0.004
ORF1a	1516	0.005
ORF1a	1517	0.002
ORF1a	1520	0.007
ORF1a	1525	0.007
ORF1a	1529	0.002
ORF1a	1534	0.006
ORF1a	1538	0.004
ORF1a	1540	0.002
ORF1a	1542	0.010
ORF1a	1543	0.035
ORF1a	1545	0.006
ORF1a	1546	0.006
ORF1a	1547	0.006
ORF1a	1548	0.004
ORF1a	1550	0.006
ORF1a	1551	0.005
ORF1a	1552	0.004
ORF1a	1553	0.002
ORF1a	1554	0.023
ORF1a	1555	0.002
ORF1a	1558	0.002
ORF1a	1559	0.002
ORF1a	1564	0.002
ORF1a	1566	0.002
ORF1a	1567	0.028
ORF1a	1571	0.002
ORF1a	1572	0.002
ORF1a	1580	0.004
ORF1a	1582	0.016
ORF1a	1583	0.002
ORF1a	1584	0.006
ORF1a	1585	0.002
ORF1a	1586	0.008
ORF1a	1588	0.007
ORF1a	1589	0.004
ORF1a	1592	0.021
ORF1a	1594	0.002
ORF1a	1596	0.002
ORF1a	1597	0.010
ORF1a	1599	0.002
ORF1a	1600	0.002
ORF1a	1604	0.002
ORF1a	1605	0.002
ORF1a	1607	0.002
ORF1a	1610	0.004
ORF1a	1611	0.002
ORF1a	1612	0.032
ORF1a	1613	0.002
ORF1a	1620	0.002
ORF1a	1625	0.012
ORF1a	1626	0.004
ORF1a	1628	0.004
ORF1a	1629	0.002
ORF1a	1632	0.002
ORF1a	1637	0.023
ORF1a	1638	0.025
ORF1a	1639	0.004
ORF1a	1640	0.096
ORF1a	1644	0.002
ORF1a	1647	0.023
ORF1a	1649	0.005
ORF1a	1655	0.187
ORF1a	1657	0.025
ORF1a	1659	0.004
ORF1a	1662	0.002
ORF1a	1670	0.009
ORF1a	1671	0.006
ORF1a	1678	0.006
ORF1a	1679	0.016
ORF1a	1680	0.002
ORF1a	1682	0.012
ORF1a	1683	0.005
ORF1a	1686	0.002
ORF1a	1687	0.007
ORF1a	1692	0.034
ORF1a	1697	0.002
ORF1a	1700	0.002
ORF1a	1705	0.002
ORF1a	1707	0.002
ORF1a	1708	0.367
ORF1a	1709	0.002
ORF1a	1714	0.004
ORF1a	1720	0.004
ORF1a	1723	0.002
ORF1a	1724	0.005
ORF1a	1731	0.002
ORF1a	1732	0.004
ORF1a	1733	0.002
ORF1a	1734	0.005
ORF1a	1740	0.002
ORF1a	1743	0.002
ORF1a	1744	0.002
ORF1a	1747	0.002
ORF1a	1748	0.002
ORF1a	1750	0.008
ORF1a	1754	0.012
ORF1a	1759	0.002
ORF1a	1760	0.008
ORF1a	1763	0.004
ORF1a	1765	0.002
ORF1a	1766	0.002
ORF1a	1769	0.013
ORF1a	1770	0.002
ORF1a	1773	0.002
ORF1a	1785	0.004
ORF1a	1786	0.016
ORF1a	1788	0.012
ORF1a	1792	0.002
ORF1a	1794	0.002
ORF1a	1795	0.066
ORF1a	1799	0.002
ORF1a	1801	0.006
ORF1a	1803	0.016
ORF1a	1810	0.004
ORF1a	1812	0.032
ORF1a	1813	0.002
ORF1a	1815	0.002
ORF1a	1817	0.004
ORF1a	1820	0.004
ORF1a	1822	0.028
ORF1a	1824	0.002
ORF1a	1826	0.002
ORF1a	1828	0.012
ORF1a	1833	0.004
ORF1a	1839	0.005
ORF1a	1840	0.012
ORF1a	1841	0.002
ORF1a	1844	0.002
ORF1a	1846	0.006
ORF1a	1847	0.002
ORF1a	1851	0.002
ORF1a	1853	0.006
ORF1a	1854	0.008
ORF1a	1856	0.002
ORF1a	1857	0.008
ORF1a	1859	0.002
ORF1a	1862	0.010
ORF1a	1866	0.004
ORF1a	1870	0.002
ORF1a	1871	0.004
ORF1a	1872	0.002
ORF1a	1874	0.002
ORF1a	1877	0.002
ORF1a	1881	0.031
ORF1a	1887	0.012
ORF1a	1890	0.008
ORF1a	1893	0.002
ORF1a	1895	0.036
ORF1a	1898	0.002
ORF1a	1903	0.002
ORF1a	1905	0.004
ORF1a	1909	0.009
ORF1a	1912	0.010
ORF1a	1915	0.002
ORF1a	1916	0.002
ORF1a	1917	0.002
ORF1a	1920	0.009
ORF1a	1921	0.057
ORF1a	1923	0.006
ORF1a	1924	0.006
ORF1a	1931	0.002
ORF1a	1933	0.004
ORF1a	1935	0.002
ORF1a	1938	0.006
ORF1a	1939	0.024
ORF1a	1943	0.002
ORF1a	1945	0.002
ORF1a	1946	0.004
ORF1a	1948	0.002
ORF1a	1950	0.006
ORF1a	1952	0.004
ORF1a	1955	0.002
ORF1a	1959	0.002
ORF1a	1970	0.002
ORF1a	1977	0.028
ORF1a	1978	0.008
ORF1a	1981	0.002
ORF1a	1983	0.005
ORF1a	1989	0.004
ORF1a	1996	0.002
ORF1a	1997	0.043
ORF1a	1998	0.006
ORF1a	2001	0.006
ORF1a	2003	0.002
ORF1a	2004	0.002
ORF1a	2005	0.004
ORF1a	2007	0.073
ORF1a	2010	0.005
ORF1a	2014	0.002
ORF1a	2015	0.016
ORF1a	2016	0.123
ORF1a	2017	0.005
ORF1a	2018	0.028
ORF1a	2019	0.007
ORF1a	2022	0.002
ORF1a	2024	0.006
ORF1a	2025	0.002
ORF1a	2027	0.002
ORF1a	2029	0.012
ORF1a	2030	0.016
ORF1a	2032	0.002
ORF1a	2033	0.022
ORF1a	2035	0.002
ORF1a	2036	0.011
ORF1a	2037	0.005
ORF1a	2039	0.009
ORF1a	2040	0.008
ORF1a	2043	0.004
ORF1a	2044	0.002
ORF1a	2046	0.035
ORF1a	2047	0.012
ORF1a	2048	0.002
ORF1a	2049	0.006
ORF1a	2053	0.002
ORF1a	2055	0.009
ORF1a	2056	0.004
ORF1a	2057	0.020
ORF1a	2058	0.004
ORF1a	2059	0.030
ORF1a	2060	0.007
ORF1a	2061	0.009
ORF1a	2062	0.011
ORF1a	2063	0.004
ORF1a	2064	0.004
ORF1a	2065	0.007
ORF1a	2066	0.007
ORF1a	2067	0.004
ORF1a	2068	0.004
ORF1a	2069	0.009
ORF1a	2070	0.007
ORF1a	2071	0.014
ORF1a	2072	0.004
ORF1a	2073	0.004
ORF1a	2074	0.004
ORF1a	2075	0.004
ORF1a	2076	0.006
ORF1a	2079	0.013
ORF1a	2080	0.007
ORF1a	2086	0.002
ORF1a	2087	0.010
ORF1a	2089	0.004
ORF1a	2091	0.007
ORF1a	2092	0.015
ORF1a	2093	0.004
ORF1a	2094	0.002
ORF1a	2095	0.002
ORF1a	2096	0.002
ORF1a	2097	0.014
ORF1a	2098	0.004
ORF1a	2101	0.002
ORF1a	2103	0.032
ORF1a	2105	0.006
ORF1a	2106	0.010
ORF1a	2107	0.002
ORF1a	2111	0.002
ORF1a	2113	0.002
ORF1a	2114	0.013
ORF1a	2115	0.005
ORF1a	2118	0.024
ORF1a	2119	0.018
ORF1a	2121	0.004
ORF1a	2122	0.008
ORF1a	2123	0.008
ORF1a	2124	0.016
ORF1a	2125	0.013
ORF1a	2128	0.006
ORF1a	2129	0.009
ORF1a	2130	0.013
ORF1a	2131	0.002
ORF1a	2132	0.004
ORF1a	2133	0.002
ORF1a	2134	0.002
ORF1a	2135	0.002
ORF1a	2136	0.005
ORF1a	2137	0.006
ORF1a	2138	0.004
ORF1a	2139	0.006
ORF1a	2144	0.002
ORF1a	2146	0.015
ORF1a	2149	0.007
ORF1a	2150	0.004
ORF1a	2152	0.043
ORF1a	2153	0.010
ORF1a	2154	0.010
ORF1a	2156	0.011
ORF1a	2159	0.002
ORF1a	2162	0.002
ORF1a	2164	0.005
ORF1a	2165	0.002
ORF1a	2166	0.012
ORF1a	2172	0.004
ORF1a	2174	0.008
ORF1a	2179	0.016
ORF1a	2181	0.002
ORF1a	2183	0.002
ORF1a	2185	0.002
ORF1a	2192	0.002
ORF1a	2193	0.008
ORF1a	2196	0.017
ORF1a	2199	0.002
ORF1a	2200	0.031
ORF1a	2201	0.006
ORF1a	2202	0.006
ORF1a	2203	0.002
ORF1a	2204	0.002
ORF1a	2205	0.002
ORF1a	2206	0.004
ORF1a	2207	0.011
ORF1a	2210	0.004
ORF1a	2212	0.002
ORF1a	2214	0.002
ORF1a	2218	0.002
ORF1a	2221	0.007
ORF1a	2222	0.004
ORF1a	2224	0.018
ORF1a	2228	0.002
ORF1a	2230	0.368
ORF1a	2232	0.004
ORF1a	2234	0.002
ORF1a	2235	0.002
ORF1a	2239	0.002
ORF1a	2242	0.012
ORF1a	2244	0.004
ORF1a	2247	0.004
ORF1a	2248	0.002
ORF1a	2249	0.025
ORF1a	2251	0.002
ORF1a	2252	0.004
ORF1a	2254	0.006
ORF1a	2255	0.012
ORF1a	2258	0.008
ORF1a	2259	0.047
ORF1a	2261	0.004
ORF1a	2265	0.004
ORF1a	2266	0.002
ORF1a	2269	0.009
ORF1a	2272	0.005
ORF1a	2273	0.002
ORF1a	2274	0.021
ORF1a	2276	0.002
ORF1a	2278	0.016
ORF1a	2279	0.011
ORF1a	2280	0.006
ORF1a	2283	0.017
ORF1a	2285	0.008
ORF1a	2287	0.036
ORF1a	2291	0.002
ORF1a	2300	0.012
ORF1a	2302	0.002
ORF1a	2307	0.002
ORF1a	2312	0.002
ORF1a	2313	0.002
ORF1a	2320	0.002
ORF1a	2325	0.002
ORF1a	2327	0.002
ORF1a	2328	0.002
ORF1a	2332	0.002
ORF1a	2336	0.002
ORF1a	2337	0.002
ORF1a	2344	0.006
ORF1a	2345	0.009
ORF1a	2352	0.002
ORF1a	2353	0.002
ORF1a	2355	0.010
ORF1a	2357	0.002
ORF1a	2359	0.002
ORF1a	2361	0.021
ORF1a	2365	0.002
ORF1a	2370	0.004
ORF1a	2374	0.004
ORF1a	2375	0.002
ORF1a	2376	0.021
ORF1a	2379	0.004
ORF1a	2387	0.013
ORF1a	2389	0.002
ORF1a	2396	0.013
ORF1a	2403	0.002
ORF1a	2405	0.012
ORF1a	2406	0.008
ORF1a	2408	0.009
ORF1a	2410	0.002
ORF1a	2421	0.002
ORF1a	2430	0.002
ORF1a	2457	0.002
ORF1a	2484	0.004
ORF1a	2488	0.010
ORF1a	2489	0.002
ORF1a	2491	0.002
ORF1a	2493	0.002
ORF1a	2495	0.004
ORF1a	2497	0.004
ORF1a	2499	0.002
ORF1a	2500	0.004
ORF1a	2501	0.098
ORF1a	2508	0.002
ORF1a	2509	0.007
ORF1a	2511	0.017
ORF1a	2512	0.002
ORF1a	2517	0.007
ORF1a	2519	0.007
ORF1a	2522	0.014
ORF1a	2523	0.013
ORF1a	2524	0.002
ORF1a	2529	0.018
ORF1a	2531	0.002
ORF1a	2532	0.004
ORF1a	2533	0.013
ORF1a	2534	0.004
ORF1a	2535	0.023
ORF1a	2545	0.002
ORF1a	2551	0.005
ORF1a	2552	0.012
ORF1a	2553	0.014
ORF1a	2554	0.010
ORF1a	2555	0.002
ORF1a	2562	0.002
ORF1a	2563	0.002
ORF1a	2564	0.004
ORF1a	2565	0.004
ORF1a	2568	0.006
ORF1a	2578	0.002
ORF1a	2579	0.002
ORF1a	2584	0.006
ORF1a	2586	0.008
ORF1a	2587	0.019
ORF1a	2588	0.033
ORF1a	2589	0.012
ORF1a	2592	0.002
ORF1a	2593	0.002
ORF1a	2595	0.002
ORF1a	2596	0.018
ORF1a	2603	0.004
ORF1a	2604	0.004
ORF1a	2605	0.008
ORF1a	2606	0.127
ORF1a	2607	0.005
ORF1a	2609	0.006
ORF1a	2611	0.002
ORF1a	2613	0.011
ORF1a	2614	0.002
ORF1a	2615	0.013
ORF1a	2616	0.002
ORF1a	2617	0.007
ORF1a	2618	0.007
ORF1a	2620	0.006
ORF1a	2621	0.002
ORF1a	2622	0.006
ORF1a	2624	0.012
ORF1a	2625	0.025
ORF1a	2626	0.002
ORF1a	2627	0.002
ORF1a	2629	0.008
ORF1a	2631	0.009
ORF1a	2632	0.002
ORF1a	2633	0.004
ORF1a	2635	0.004
ORF1a	2636	0.006
ORF1a	2639	0.002
ORF1a	2646	0.002
ORF1a	2648	0.021
ORF1a	2659	0.008
ORF1a	2660	0.002
ORF1a	2664	0.002
ORF1a	2665	0.004
ORF1a	2667	0.024
ORF1a	2674	0.012
ORF1a	2680	0.004
ORF1a	2684	0.004
ORF1a	2685	0.011
ORF1a	2688	0.015
ORF1a	2690	0.006
ORF1a	2696	0.004
ORF1a	2698	0.007
ORF1a	2702	0.031
ORF1a	2706	0.002
ORF1a	2708	0.002
ORF1a	2710	0.002
ORF1a	2715	0.002
ORF1a	2719	0.004
ORF1a	2730	0.002
ORF1a	2732	0.002
ORF1a	2735	0.002
ORF1a	2738	0.002
ORF1a	2739	0.036
ORF1a	2744	0.002
ORF1a	2745	0.004
ORF1a	2747	0.002
ORF1a	2759	0.007
ORF1a	2761	0.015
ORF1a	2765	0.002
ORF1a	2767	0.005
ORF1a	2769	0.032
ORF1a	2776	0.002
ORF1a	2777	0.008
ORF1a	2778	0.011
ORF1a	2779	0.008
ORF1a	2780	0.054
ORF1a	2781	0.004
ORF1a	2784	0.002
ORF1a	2785	0.002
ORF1a	2786	0.002
ORF1a	2787	0.002
ORF1a	2791	0.039
ORF1a	2794	0.002
ORF1a	2796	0.044
ORF1a	2797	0.016
ORF1a	2798	0.004
ORF1a	2799	0.008
ORF1a	2806	0.002
ORF1a	2810	0.002
ORF1a	2812	0.002
ORF1a	2813	0.021
ORF1a	2814	0.002
ORF1a	2819	0.002
ORF1a	2820	0.002
ORF1a	2821	0.002
ORF1a	2823	0.006
ORF1a	2825	0.004
ORF1a	2828	0.002
ORF1a	2831	0.005
ORF1a	2832	0.002
ORF1a	2833	0.002
ORF1a	2834	0.002
ORF1a	2836	0.008
ORF1a	2840	0.002
ORF1a	2844	0.004
ORF1a	2846	0.018
ORF1a	2849	0.002
ORF1a	2855	0.002
ORF1a	2857	0.002
ORF1a	2858	0.005
ORF1a	2859	0.002
ORF1a	2860	0.002
ORF1a	2861	0.002
ORF1a	2862	0.002
ORF1a	2864	0.004
ORF1a	2866	0.006
ORF1a	2868	0.002
ORF1a	2869	0.002
ORF1a	2870	0.002
ORF1a	2872	0.004
ORF1a	2875	0.002
ORF1a	2877	0.004
ORF1a	2882	0.002
ORF1a	2883	0.002
ORF1a	2888	0.002
ORF1a	2890	0.002
ORF1a	2900	0.012
ORF1a	2903	0.002
ORF1a	2904	0.005
ORF1a	2906	0.004
ORF1a	2908	0.005
ORF1a	2909	0.002
ORF1a	2910	0.002
ORF1a	2926	0.007
ORF1a	2927	0.006
ORF1a	2936	0.012
ORF1a	2937	0.002
ORF1a	2947	0.012
ORF1a	2949	0.002
ORF1a	2952	0.016
ORF1a	2955	0.002
ORF1a	2957	0.002
ORF1a	2963	0.002
ORF1a	2967	0.013
ORF1a	2968	0.002
ORF1a	2969	0.004
ORF1a	2972	0.007
ORF1a	2977	0.002
ORF1a	2978	0.004
ORF1a	2980	0.060
ORF1a	2981	0.012
ORF1a	2994	0.038
ORF1a	3001	0.012
ORF1a	3007	0.002
ORF1a	3022	0.002
ORF1a	3023	0.009
ORF1a	3024	0.002
ORF1a	3027	0.023
ORF1a	3028	0.002
ORF1a	3032	0.013
ORF1a	3036	0.002
ORF1a	3038	0.004
ORF1a	3042	0.038
ORF1a	3052	0.002
ORF1a	3057	0.005
ORF1a	3059	0.006
ORF1a	3060	0.004
ORF1a	3063	0.013
ORF1a	3066	0.002
ORF1a	3070	0.006
ORF1a	3071	0.047
ORF1a	3072	0.006
ORF1a	3075	0.002
ORF1a	3076	0.007
ORF1a	3078	0.004
ORF1a	3082	0.009
ORF1a	3085	0.004
ORF1a	3086	0.011
ORF1a	3087	0.101
ORF1a	3090	0.004
ORF1a	3097	0.004
ORF1a	3099	0.008
ORF1a	3108	0.002
ORF1a	3116	0.015
ORF1a	3117	0.007
ORF1a	3120	0.002
ORF1a	3122	0.005
ORF1a	3125	0.002
ORF1a	3126	0.004
ORF1a	3129	0.002
ORF1a	3135	0.002
ORF1a	3143	0.048
ORF1a	3146	0.002
ORF1a	3148	0.004
ORF1a	3149	0.018
ORF1a	3150	0.002
ORF1a	3153	0.005
ORF1a	3158	0.033
ORF1a	3159	0.005
ORF1a	3160	0.002
ORF1a	3162	0.010
ORF1a	3164	0.004
ORF1a	3190	0.002
ORF1a	3193	0.002
ORF1a	3195	0.004
ORF1a	3197	0.005
ORF1a	3198	0.004
ORF1a	3201	0.068
ORF1a	3202	0.007
ORF1a	3203	0.002
ORF1a	3204	0.002
ORF1a	3209	0.044
ORF1a	3210	0.004
ORF1a	3212	0.018
ORF1a	3220	0.006
ORF1a	3221	0.049
ORF1a	3235	0.002
ORF1a	3239	0.002
ORF1a	3240	0.002
ORF1a	3244	0.010
ORF1a	3246	0.006
ORF1a	3255	0.133
ORF1a	3256	0.002
ORF1a	3258	0.006
ORF1a	3264	0.002
ORF1a	3268	0.002
ORF1a	3278	0.137
ORF1a	3280	0.004
ORF1a	3284	0.014
ORF1a	3287	0.036
ORF1a	3296	0.005
ORF1a	3307	0.002
ORF1a	3310	0.007
ORF1a	3312	0.002
ORF1a	3313	0.004
ORF1a	3316	0.002
ORF1a	3323	0.005
ORF1a	3324	0.004
ORF1a	3330	0.005
ORF1a	3334	0.040
ORF1a	3336	0.002
ORF1a	3338	0.006
ORF1a	3341	0.005
ORF1a	3344	0.005
ORF1a	3346	0.010
ORF1a	3349	0.002
ORF1a	3350	0.005
ORF1a	3351	0.007
ORF1a	3352	0.241
ORF1a	3353	0.239
ORF1a	3355	0.002
ORF1a	3357	0.009
ORF1a	3359	0.037
ORF1a	3363	0.005
ORF1a	3365	0.002
ORF1a	3367	0.002
ORF1a	3369	0.002
ORF1a	3371	0.044
ORF1a	3377	0.002
ORF1a	3379	0.002
ORF1a	3384	0.002
ORF1a	3392	0.004
ORF1a	3395	0.025
ORF1a	3411	0.004
ORF1a	3420	0.012
ORF1a	3423	0.004
ORF1a	3425	0.002
ORF1a	3431	0.002
ORF1a	3432	0.002
ORF1a	3440	0.012
ORF1a	3447	0.016
ORF1a	3449	0.015
ORF1a	3451	0.004
ORF1a	3453	0.002
ORF1a	3454	0.004
ORF1a	3456	0.004
ORF1a	3459	0.006
ORF1a	3468	0.045
ORF1a	3475	0.008
ORF1a	3480	0.002
ORF1a	3483	0.004
ORF1a	3484	0.005
ORF1a	3486	0.002
ORF1a	3488	0.002
ORF1a	3490	0.008
ORF1a	3491	0.002
ORF1a	3495	0.006
ORF1a	3497	0.017
ORF1a	3498	0.004
ORF1a	3499	0.002
ORF1a	3504	0.017
ORF1a	3506	0.012
ORF1a	3509	0.007
ORF1a	3510	0.004
ORF1a	3511	0.002
ORF1a	3515	0.006
ORF1a	3517	0.002
ORF1a	3518	0.004
ORF1a	3523	0.021
ORF1a	3524	0.002
ORF1a	3527	0.002
ORF1a	3529	0.006
ORF1a	3537	0.010
ORF1a	3539	0.006
ORF1a	3540	0.007
ORF1a	3542	0.020
ORF1a	3544	0.004
ORF1a	3547	0.008
ORF1a	3548	0.004
ORF1a	3570	0.005
ORF1a	3571	0.022
ORF1a	3573	0.002
ORF1a	3574	0.011
ORF1a	3577	0.012
ORF1a	3578	0.004
ORF1a	3579	0.004
ORF1a	3580	0.032
ORF1a	3585	0.021
ORF1a	3586	0.002
ORF1a	3587	0.002
ORF1a	3589	0.002
ORF1a	3591	0.009
ORF1a	3593	0.009
ORF1a	3595	0.004
ORF1a	3600	0.002
ORF1a	3602	0.002
ORF1a	3604	0.002
ORF1a	3605	0.005
ORF1a	3606	0.249
ORF1a	3607	0.002
ORF1a	3608	0.009
ORF1a	3610	0.006
ORF1a	3613	0.005
ORF1a	3615	0.038
ORF1a	3616	0.002
ORF1a	3617	0.002
ORF1a	3618	0.101
ORF1a	3619	0.002
ORF1a	3620	0.008
ORF1a	3621	0.025
ORF1a	3623	0.023
ORF1a	3624	0.002
ORF1a	3625	0.004
ORF1a	3626	0.002
ORF1a	3627	0.009
ORF1a	3636	0.002
ORF1a	3644	0.036
ORF1a	3646	0.010
ORF1a	3648	0.002
ORF1a	3649	0.002
ORF1a	3651	0.002
ORF1a	3652	0.005
ORF1a	3653	0.031
ORF1a	3655	0.086
ORF1a	3657	0.007
ORF1a	3661	0.005
ORF1a	3662	0.004
ORF1a	3667	0.067
ORF1a	3668	0.002
ORF1a	3669	0.016
ORF1a	3670	0.002
ORF1a	3673	0.012
ORF1a	3674	0.013
ORF1a	3675	0.503
ORF1a	3676	0.525
ORF1a	3677	0.521
ORF1a	3679	0.016
ORF1a	3680	0.002
ORF1a	3681	0.020
ORF1a	3685	0.006
ORF1a	3686	0.002
ORF1a	3687	0.002
ORF1a	3688	0.005
ORF1a	3689	0.011
ORF1a	3691	0.002
ORF1a	3694	0.006
ORF1a	3696	0.002
ORF1a	3704	0.002
ORF1a	3705	0.020
ORF1a	3711	0.010
ORF1a	3716	0.002
ORF1a	3718	0.120
ORF1a	3722	0.010
ORF1a	3725	0.004
ORF1a	3728	0.002
ORF1a	3729	0.039
ORF1a	3730	0.007
ORF1a	3733	0.004
ORF1a	3734	0.002
ORF1a	3736	0.006
ORF1a	3737	0.005
ORF1a	3748	0.004
ORF1a	3750	0.035
ORF1a	3751	0.004
ORF1a	3752	0.069
ORF1a	3757	0.002
ORF1a	3758	0.002
ORF1a	3759	0.014
ORF1a	3763	0.002
ORF1a	3764	0.031
ORF1a	3765	0.002
ORF1a	3767	0.016
ORF1a	3772	0.004
ORF1a	3776	0.008
ORF1a	3777	0.020
ORF1a	3780	0.002
ORF1a	3789	0.004
ORF1a	3790	0.010
ORF1a	3802	0.008
ORF1a	3808	0.002
ORF1a	3810	0.002
ORF1a	3819	0.002
ORF1a	3827	0.002
ORF1a	3829	0.036
ORF1a	3832	0.002
ORF1a	3833	0.005
ORF1a	3837	0.012
ORF1a	3839	0.006
ORF1a	3842	0.005
ORF1a	3847	0.006
ORF1a	3851	0.002
ORF1a	3855	0.002
ORF1a	3856	0.002
ORF1a	3857	0.002
ORF1a	3862	0.013
ORF1a	3867	0.002
ORF1a	3868	0.002
ORF1a	3873	0.002
ORF1a	3874	0.004
ORF1a	3875	0.002
ORF1a	3882	0.002
ORF1a	3884	0.081
ORF1a	3885	0.006
ORF1a	3887	0.002
ORF1a	3890	0.002
ORF1a	3893	0.002
ORF1a	3901	0.004
ORF1a	3909	0.009
ORF1a	3911	0.002
ORF1a	3913	0.002
ORF1a	3915	0.004
ORF1a	3917	0.002
ORF1a	3919	0.002
ORF1a	3921	0.002
ORF1a	3922	0.005
ORF1a	3923	0.004
ORF1a	3928	0.002
ORF1a	3929	0.002
ORF1a	3930	0.082
ORF1a	3934	0.016
ORF1a	3936	0.009
ORF1a	3937	0.002
ORF1a	3939	0.002
ORF1a	3940	0.010
ORF1a	3944	0.008
ORF1a	3950	0.002
ORF1a	3951	0.006
ORF1a	3952	0.015
ORF1a	3956	0.004
ORF1a	3957	0.006
ORF1a	3962	0.002
ORF1a	3963	0.002
ORF1a	3965	0.002
ORF1a	3966	0.038
ORF1a	3969	0.004
ORF1a	3971	0.004
ORF1a	3972	0.004
ORF1a	3976	0.016
ORF1a	3977	0.007
ORF1a	3979	0.012
ORF1a	3983	0.004
ORF1a	3985	0.004
ORF1a	3987	0.002
ORF1a	3990	0.007
ORF1a	3993	0.022
ORF1a	3997	0.002
ORF1a	4010	0.002
ORF1a	4016	0.027
ORF1a	4031	0.002
ORF1a	4037	0.002
ORF1a	4040	0.002
ORF1a	4042	0.002
ORF1a	4044	0.002
ORF1a	4045	0.002
ORF1a	4046	0.004
ORF1a	4055	0.002
ORF1a	4057	0.002
ORF1a	4064	0.007
ORF1a	4065	0.012
ORF1a	4066	0.002
ORF1a	4071	0.006
ORF1a	4075	0.018
ORF1a	4078	0.002
ORF1a	4080	0.004
ORF1a	4083	0.023
ORF1a	4085	0.011
ORF1a	4087	0.038
ORF1a	4088	0.004
ORF1a	4090	0.012
ORF1a	4092	0.004
ORF1a	4094	0.002
ORF1a	4098	0.013
ORF1a	4101	0.002
ORF1a	4110	0.002
ORF1a	4111	0.004
ORF1a	4112	0.006
ORF1a	4116	0.007
ORF1a	4118	0.002
ORF1a	4120	0.015
ORF1a	4127	0.007
ORF1a	4129	0.004
ORF1a	4131	0.006
ORF1a	4133	0.004
ORF1a	4135	0.002
ORF1a	4136	0.002
ORF1a	4137	0.002
ORF1a	4144	0.002
ORF1a	4148	0.006
ORF1a	4152	0.004
ORF1a	4153	0.002
ORF1a	4158	0.005
ORF1a	4159	0.004
ORF1a	4161	0.002
ORF1a	4164	0.006
ORF1a	4165	0.011
ORF1a	4167	0.002
ORF1a	4168	0.002
ORF1a	4174	0.004
ORF1a	4175	0.112
ORF1a	4176	0.006
ORF1a	4177	0.004
ORF1a	4178	0.016
ORF1a	4179	0.002
ORF1a	4182	0.028
ORF1a	4187	0.008
ORF1a	4189	0.006
ORF1a	4194	0.007
ORF1a	4197	0.007
ORF1a	4198	0.002
ORF1a	4199	0.002
ORF1a	4204	0.005
ORF1a	4205	0.042
ORF1a	4206	0.002
ORF1a	4207	0.010
ORF1a	4212	0.002
ORF1a	4216	0.002
ORF1a	4217	0.002
ORF1a	4220	0.008
ORF1a	4223	0.013
ORF1a	4225	0.002
ORF1a	4241	0.088
ORF1a	4249	0.012
ORF1a	4261	0.010
ORF1a	4265	0.008
ORF1a	4277	0.010
ORF1a	4285	0.039
ORF1a	4286	0.002
ORF1a	4288	0.002
ORF1a	4290	0.002
ORF1a	4292	0.002
ORF1a	4295	0.002
ORF1a	4304	0.012
ORF1a	4306	0.002
ORF1a	4308	0.002
ORF1a	4311	0.014
ORF1a	4342	0.005
ORF1a	4347	0.002
ORF1a	4354	0.008
ORF1a	4355	0.013
ORF1a	4357	0.012
ORF1a	4364	0.016
ORF1a	4365	0.004
ORF1a	4367	0.002
ORF1a	4369	0.002
ORF1a	4372	0.007
ORF1a	4374	0.005
ORF1a	4375	0.002
ORF1a	4377	0.004
ORF1a	4382	0.002
ORF1a	4386	0.004
ORF1a	4387	0.010
ORF1a	4388	0.002
ORF1a	4391	0.002
ORF1a	4394	0.004
ORF1a	4395	0.002
ORF1a	4396	0.002
ORF1a	4398	0.013
ORF1b	7	0.002
ORF1b	11	0.006
ORF1b	12	0.002
ORF1b	15	0.002
ORF1b	17	0.025
ORF1b	18	0.004
ORF1b	19	0.002
ORF1b	25	0.002
ORF1b	29	0.013
ORF1b	33	0.002
ORF1b	35	0.002
ORF1b	37	0.010
ORF1b	40	0.002
ORF1b	42	0.002
ORF1b	50	0.009
ORF1b	51	0.005
ORF1b	54	0.007
ORF1b	58	0.004
ORF1b	66	0.002
ORF1b	67	0.008
ORF1b	68	0.002
ORF1b	71	0.002
ORF1b	72	0.002
ORF1b	76	0.032
ORF1b	79	0.002
ORF1b	82	0.014
ORF1b	83	0.008
ORF1b	85	0.018
ORF1b	86	0.007
ORF1b	88	0.087
ORF1b	89	0.002
ORF1b	96	0.002
ORF1b	99	0.011
ORF1b	101	0.005
ORF1b	115	0.009
ORF1b	118	0.006
ORF1b	119	0.002
ORF1b	123	0.002
ORF1b	124	0.002
ORF1b	126	0.002
ORF1b	128	0.004
ORF1b	129	0.005
ORF1b	131	0.002
ORF1b	132	0.015
ORF1b	134	0.004
ORF1b	138	0.002
ORF1b	141	0.002
ORF1b	144	0.011
ORF1b	145	0.002
ORF1b	152	0.002
ORF1b	153	0.002
ORF1b	156	0.002
ORF1b	160	0.002
ORF1b	161	0.002
ORF1b	162	0.002
ORF1b	164	0.009
ORF1b	167	0.002
ORF1b	168	0.002
ORF1b	170	0.012
ORF1b	174	0.002
ORF1b	175	0.005
ORF1b	176	0.113
ORF1b	179	0.002
ORF1b	181	0.002
ORF1b	182	0.002
ORF1b	185	0.005
ORF1b	187	0.006
ORF1b	188	0.002
ORF1b	192	0.006
ORF1b	193	0.002
ORF1b	203	0.002
ORF1b	217	0.007
ORF1b	218	0.132
ORF1b	220	0.010
ORF1b	222	0.002
ORF1b	229	0.002
ORF1b	233	0.002
ORF1b	235	0.006
ORF1b	238	0.002
ORF1b	239	0.024
ORF1b	240	0.002
ORF1b	241	0.002
ORF1b	245	0.006
ORF1b	249	0.005
ORF1b	252	0.002
ORF1b	253	0.007
ORF1b	254	0.002
ORF1b	255	0.008
ORF1b	256	0.005
ORF1b	257	0.005
ORF1b	258	0.002
ORF1b	260	0.008
ORF1b	261	0.002
ORF1b	267	0.004
ORF1b	269	0.002
ORF1b	270	0.007
ORF1b	275	0.007
ORF1b	284	0.006
ORF1b	290	0.006
ORF1b	293	0.025
ORF1b	298	0.005
ORF1b	302	0.012
ORF1b	311	0.005
ORF1b	312	0.002
ORF1b	314	0.353
ORF1b	316	0.004
ORF1b	335	0.002
ORF1b	345	0.006
ORF1b	350	0.005
ORF1b	353	0.002
ORF1b	360	0.002
ORF1b	370	0.011
ORF1b	371	0.006
ORF1b	373	0.004
ORF1b	374	0.010
ORF1b	379	0.004
ORF1b	390	0.006
ORF1b	394	0.002
ORF1b	396	0.005
ORF1b	397	0.002
ORF1b	409	0.002
ORF1b	412	0.002
ORF1b	414	0.023
ORF1b	423	0.002
ORF1b	434	0.016
ORF1b	436	0.020
ORF1b	440	0.010
ORF1b	442	0.002
ORF1b	445	0.002
ORF1b	454	0.012
ORF1b	457	0.002
ORF1b	463	0.002
ORF1b	464	0.005
ORF1b	468	0.005
ORF1b	469	0.008
ORF1b	475	0.002
ORF1b	483	0.005
ORF1b	484	0.002
ORF1b	485	0.002
ORF1b	500	0.002
ORF1b	504	0.002
ORF1b	510	0.002
ORF1b	512	0.002
ORF1b	513	0.004
ORF1b	517	0.011
ORF1b	520	0.015
ORF1b	524	0.002
ORF1b	526	0.002
ORF1b	528	0.002
ORF1b	557	0.002
ORF1b	572	0.002
ORF1b	573	0.002
ORF1b	574	0.004
ORF1b	578	0.002
ORF1b	587	0.004
ORF1b	590	0.002
ORF1b	592	0.002
ORF1b	595	0.002
ORF1b	596	0.010
ORF1b	598	0.013
ORF1b	604	0.018
ORF1b	605	0.002
ORF1b	606	0.002
ORF1b	616	0.002
ORF1b	617	0.002
ORF1b	620	0.020
ORF1b	624	0.007
ORF1b	629	0.016
ORF1b	634	0.004
ORF1b	635	0.006
ORF1b	638	0.015
ORF1b	639	0.002
ORF1b	640	0.002
ORF1b	647	0.010
ORF1b	657	0.097
ORF1b	658	0.002
ORF1b	659	0.006
ORF1b	662	0.014
ORF1b	670	0.002
ORF1b	684	0.002
ORF1b	687	0.002
ORF1b	688	0.002
ORF1b	690	0.006
ORF1b	696	0.002
ORF1b	701	0.002
ORF1b	703	0.004
ORF1b	707	0.005
ORF1b	709	0.009
ORF1b	711	0.080
ORF1b	712	0.002
ORF1b	716	0.012
ORF1b	727	0.005
ORF1b	728	0.002
ORF1b	729	0.008
ORF1b	730	0.011
ORF1b	731	0.002
ORF1b	732	0.002
ORF1b	734	0.002
ORF1b	741	0.002
ORF1b	747	0.004
ORF1b	757	0.002
ORF1b	759	0.002
ORF1b	762	0.002
ORF1b	763	0.002
ORF1b	765	0.005
ORF1b	767	0.111
ORF1b	771	0.005
ORF1b	786	0.002
ORF1b	792	0.002
ORF1b	794	0.008
ORF1b	797	0.031
ORF1b	811	0.002
ORF1b	813	0.023
ORF1b	814	0.002
ORF1b	815	0.002
ORF1b	816	0.002
ORF1b	818	0.006
ORF1b	820	0.010
ORF1b	829	0.002
ORF1b	837	0.002
ORF1b	838	0.002
ORF1b	839	0.010
ORF1b	860	0.002
ORF1b	861	0.002
ORF1b	862	0.002
ORF1b	865	0.002
ORF1b	870	0.005
ORF1b	884	0.004
ORF1b	885	0.002
ORF1b	887	0.002
ORF1b	890	0.006
ORF1b	892	0.002
ORF1b	893	0.002
ORF1b	896	0.004
ORF1b	897	0.002
ORF1b	899	0.002
ORF1b	901	0.004
ORF1b	902	0.004
ORF1b	904	0.008
ORF1b	905	0.005
ORF1b	907	0.002
ORF1b	909	0.016
ORF1b	910	0.002
ORF1b	913	0.010
ORF1b	914	0.006
ORF1b	920	0.002
ORF1b	923	0.015
ORF1b	927	0.005
ORF1b	941	0.008
ORF1b	958	0.002
ORF1b	959	0.002
ORF1b	961	0.014
ORF1b	966	0.002
ORF1b	970	0.029
ORF1b	975	0.008
ORF1b	976	0.062
ORF1b	977	0.002
ORF1b	980	0.002
ORF1b	996	0.002
ORF1b	997	0.022
ORF1b	999	0.011
ORF1b	1000	0.032
ORF1b	1001	0.023
ORF1b	1002	0.002
ORF1b	1003	0.008
ORF1b	1008	0.004
ORF1b	1011	0.023
ORF1b	1019	0.004
ORF1b	1021	0.012
ORF1b	1023	0.017
ORF1b	1024	0.005
ORF1b	1027	0.002
ORF1b	1033	0.011
ORF1b	1036	0.002
ORF1b	1038	0.008
ORF1b	1042	0.004
ORF1b	1047	0.002
ORF1b	1048	0.007
ORF1b	1050	0.014
ORF1b	1052	0.002
ORF1b	1057	0.023
ORF1b	1064	0.006
ORF1b	1068	0.004
ORF1b	1074	0.012
ORF1b	1076	0.021
ORF1b	1077	0.006
ORF1b	1078	0.002
ORF1b	1083	0.002
ORF1b	1084	0.002
ORF1b	1087	0.006
ORF1b	1089	0.023
ORF1b	1092	0.017
ORF1b	1093	0.005
ORF1b	1094	0.010
ORF1b	1095	0.010
ORF1b	1097	0.002
ORF1b	1099	0.010
ORF1b	1110	0.004
ORF1b	1111	0.002
ORF1b	1116	0.006
ORF1b	1118	0.002
ORF1b	1126	0.006
ORF1b	1127	0.002
ORF1b	1129	0.011
ORF1b	1130	0.002
ORF1b	1131	0.002
ORF1b	1137	0.004
ORF1b	1140	0.002
ORF1b	1141	0.098
ORF1b	1145	0.002
ORF1b	1149	0.002
ORF1b	1156	0.022
ORF1b	1160	0.005
ORF1b	1161	0.002
ORF1b	1162	0.015
ORF1b	1163	0.002
ORF1b	1167	0.002
ORF1b	1170	0.006
ORF1b	1171	0.007
ORF1b	1176	0.008
ORF1b	1178	0.010
ORF1b	1179	0.002
ORF1b	1181	0.004
ORF1b	1182	0.040
ORF1b	1183	0.072
ORF1b	1184	0.100
ORF1b	1186	0.005
ORF1b	1187	0.012
ORF1b	1191	0.002
ORF1b	1192	0.002
ORF1b	1197	0.013
ORF1b	1200	0.007
ORF1b	1203	0.020
ORF1b	1213	0.098
ORF1b	1219	0.012
ORF1b	1220	0.016
ORF1b	1223	0.017
ORF1b	1224	0.002
ORF1b	1225	0.007
ORF1b	1229	0.002
ORF1b	1230	0.002
ORF1b	1237	0.004
ORF1b	1242	0.011
ORF1b	1247	0.002
ORF1b	1248	0.010
ORF1b	1249	0.004
ORF1b	1251	0.002
ORF1b	1257	0.002
ORF1b	1261	0.008
ORF1b	1262	0.007
ORF1b	1263	0.002
ORF1b	1264	0.081
ORF1b	1273	0.013
ORF1b	1274	0.016
ORF1b	1279	0.004
ORF1b	1285	0.004
ORF1b	1287	0.002
ORF1b	1288	0.006
ORF1b	1289	0.005
ORF1b	1290	0.002
ORF1b	1291	0.031
ORF1b	1301	0.002
ORF1b	1303	0.010
ORF1b	1309	0.002
ORF1b	1310	0.002
ORF1b	1312	0.002
ORF1b	1315	0.020
ORF1b	1322	0.010
ORF1b	1325	0.002
ORF1b	1326	0.009
ORF1b	1330	0.002
ORF1b	1332	0.002
ORF1b	1336	0.002
ORF1b	1339	0.004
ORF1b	1341	0.002
ORF1b	1351	0.047
ORF1b	1352	0.010
ORF1b	1354	0.002
ORF1b	1355	0.002
ORF1b	1356	0.002
ORF1b	1358	0.002
ORF1b	1362	0.015
ORF1b	1363	0.006
ORF1b	1365	0.008
ORF1b	1368	0.004
ORF1b	1369	0.012
ORF1b	1373	0.002
ORF1b	1375	0.002
ORF1b	1377	0.004
ORF1b	1378	0.002
ORF1b	1379	0.002
ORF1b	1381	0.002
ORF1b	1383	0.144
ORF1b	1387	0.006
ORF1b	1388	0.002
ORF1b	1389	0.004
ORF1b	1391	0.006
ORF1b	1392	0.002
ORF1b	1393	0.007
ORF1b	1397	0.021
ORF1b	1398	0.012
ORF1b	1399	0.002
ORF1b	1400	0.002
ORF1b	1404	0.043
ORF1b	1406	0.002
ORF1b	1407	0.002
ORF1b	1408	0.006
ORF1b	1410	0.002
ORF1b	1414	0.004
ORF1b	1419	0.004
ORF1b	1422	0.004
ORF1b	1423	0.007
ORF1b	1424	0.004
ORF1b	1425	0.002
ORF1b	1427	0.035
ORF1b	1428	0.033
ORF1b	1432	0.018
ORF1b	1434	0.004
ORF1b	1441	0.025
ORF1b	1443	0.004
ORF1b	1448	0.002
ORF1b	1449	0.004
ORF1b	1450	0.010
ORF1b	1452	0.015
ORF1b	1464	0.012
ORF1b	1465	0.009
ORF1b	1468	0.002
ORF1b	1476	0.007
ORF1b	1491	0.004
ORF1b	1492	0.004
ORF1b	1493	0.011
ORF1b	1499	0.018
ORF1b	1504	0.023
ORF1b	1507	0.004
ORF1b	1509	0.002
ORF1b	1511	0.073
ORF1b	1512	0.005
ORF1b	1519	0.002
ORF1b	1521	0.085
ORF1b	1522	0.021
ORF1b	1525	0.008
ORF1b	1537	0.002
ORF1b	1538	0.010
ORF1b	1539	0.002
ORF1b	1540	0.016
ORF1b	1541	0.002
ORF1b	1545	0.002
ORF1b	1546	0.002
ORF1b	1547	0.006
ORF1b	1550	0.015
ORF1b	1555	0.040
ORF1b	1557	0.002
ORF1b	1560	0.005
ORF1b	1561	0.002
ORF1b	1564	0.002
ORF1b	1565	0.002
ORF1b	1567	0.040
ORF1b	1568	0.002
ORF1b	1569	0.002
ORF1b	1570	0.025
ORF1b	1571	0.002
ORF1b	1572	0.006
ORF1b	1573	0.009
ORF1b	1577	0.002
ORF1b	1582	0.002
ORF1b	1586	0.002
ORF1b	1591	0.002
ORF1b	1594	0.005
ORF1b	1596	0.020
ORF1b	1598	0.004
ORF1b	1601	0.005
ORF1b	1603	0.002
ORF1b	1606	0.008
ORF1b	1609	0.032
ORF1b	1619	0.008
ORF1b	1620	0.015
ORF1b	1621	0.007
ORF1b	1625	0.002
ORF1b	1637	0.010
ORF1b	1638	0.004
ORF1b	1639	0.005
ORF1b	1643	0.019
ORF1b	1644	0.002
ORF1b	1645	0.002
ORF1b	1646	0.002
ORF1b	1649	0.012
ORF1b	1652	0.002
ORF1b	1653	0.227
ORF1b	1655	0.002
ORF1b	1656	0.002
ORF1b	1657	0.015
ORF1b	1658	0.016
ORF1b	1661	0.004
ORF1b	1662	0.008
ORF1b	1664	0.006
ORF1b	1666	0.002
ORF1b	1671	0.002
ORF1b	1674	0.008
ORF1b	1675	0.002
ORF1b	1677	0.014
ORF1b	1681	0.028
ORF1b	1682	0.004
ORF1b	1687	0.009
ORF1b	1689	0.002
ORF1b	1691	0.029
ORF1b	1693	0.002
ORF1b	1701	0.018
ORF1b	1703	0.002
ORF1b	1704	0.002
ORF1b	1706	0.002
ORF1b	1711	0.005
ORF1b	1719	0.002
ORF1b	1720	0.002
ORF1b	1727	0.025
ORF1b	1728	0.006
ORF1b	1729	0.004
ORF1b	1735	0.006
ORF1b	1737	0.008
ORF1b	1739	0.002
ORF1b	1743	0.004
ORF1b	1744	0.002
ORF1b	1746	0.002
ORF1b	1749	0.002
ORF1b	1752	0.005
ORF1b	1755	0.002
ORF1b	1757	0.008
ORF1b	1760	0.002
ORF1b	1763	0.002
ORF1b	1765	0.005
ORF1b	1772	0.005
ORF1b	1774	0.018
ORF1b	1779	0.013
ORF1b	1782	0.002
ORF1b	1787	0.004
ORF1b	1791	0.002
ORF1b	1793	0.004
ORF1b	1798	0.010
ORF1b	1799	0.002
ORF1b	1812	0.002
ORF1b	1814	0.008
ORF1b	1815	0.004
ORF1b	1818	0.004
ORF1b	1821	0.020
ORF1b	1824	0.002
ORF1b	1825	0.002
ORF1b	1831	0.002
ORF1b	1835	0.002
ORF1b	1836	0.004
ORF1b	1838	0.002
ORF1b	1839	0.006
ORF1b	1840	0.004
ORF1b	1842	0.002
ORF1b	1844	0.041
ORF1b	1846	0.002
ORF1b	1847	0.004
ORF1b	1848	0.012
ORF1b	1851	0.019
ORF1b	1854	0.002
ORF1b	1860	0.002
ORF1b	1865	0.002
ORF1b	1867	0.002
ORF1b	1869	0.016
ORF1b	1870	0.002
ORF1b	1871	0.019
ORF1b	1873	0.010
ORF1b	1876	0.002
ORF1b	1877	0.004
ORF1b	1879	0.002
ORF1b	1881	0.002
ORF1b	1884	0.005
ORF1b	1893	0.004
ORF1b	1895	0.010
ORF1b	1896	0.002
ORF1b	1898	0.025
ORF1b	1899	0.002
ORF1b	1901	0.002
ORF1b	1903	0.007
ORF1b	1905	0.010
ORF1b	1917	0.002
ORF1b	1918	0.004
ORF1b	1921	0.002
ORF1b	1933	0.002
ORF1b	1936	0.022
ORF1b	1939	0.002
ORF1b	1942	0.002
ORF1b	1944	0.007
ORF1b	1945	0.005
ORF1b	1946	0.002
ORF1b	1947	0.002
ORF1b	1948	0.002
ORF1b	1949	0.002
ORF1b	1950	0.002
ORF1b	1951	0.002
ORF1b	1952	0.002
ORF1b	1953	0.005
ORF1b	1954	0.007
ORF1b	1955	0.002
ORF1b	1956	0.005
ORF1b	1957	0.002
ORF1b	1958	0.005
ORF1b	1959	0.005
ORF1b	1960	0.002
ORF1b	1961	0.002
ORF1b	1962	0.002
ORF1b	1963	0.002
ORF1b	1964	0.002
ORF1b	1965	0.002
ORF1b	1966	0.002
ORF1b	1967	0.011
ORF1b	1968	0.002
ORF1b	1969	0.002
ORF1b	1970	0.002
ORF1b	1971	0.002
ORF1b	1972	0.002
ORF1b	1973	0.005
ORF1b	1974	0.009
ORF1b	1975	0.044
ORF1b	1976	0.002
ORF1b	1977	0.025
ORF1b	1978	0.002
ORF1b	1979	0.014
ORF1b	1980	0.002
ORF1b	1981	0.002
ORF1b	1982	0.002
ORF1b	1983	0.002
ORF1b	1984	0.002
ORF1b	1985	0.005
ORF1b	1986	0.002
ORF1b	1987	0.002
ORF1b	1988	0.002
ORF1b	1989	0.002
ORF1b	1990	0.002
ORF1b	1991	0.002
ORF1b	1992	0.002
ORF1b	1993	0.002
ORF1b	1994	0.002
ORF1b	1995	0.002
ORF1b	1996	0.002
ORF1b	1997	0.002
ORF1b	1998	0.007
ORF1b	1999	0.002
ORF1b	2000	0.002
ORF1b	2001	0.002
ORF1b	2002	0.002
ORF1b	2003	0.002
ORF1b	2004	0.002
ORF1b	2005	0.005
ORF1b	2006	0.007
ORF1b	2007	0.002
ORF1b	2008	0.002
ORF1b	2009	0.002
ORF1b	2010	0.002
ORF1b	2011	0.002
ORF1b	2012	0.005
ORF1b	2013	0.007
ORF1b	2014	0.002
ORF1b	2015	0.002
ORF1b	2016	0.002
ORF1b	2017	0.017
ORF1b	2018	0.002
ORF1b	2019	0.002
ORF1b	2020	0.007
ORF1b	2021	0.002
ORF1b	2022	0.002
ORF1b	2023	0.002
ORF1b	2024	0.002
ORF1b	2025	0.028
ORF1b	2026	0.002
ORF1b	2027	0.005
ORF1b	2032	0.002
ORF1b	2033	0.002
ORF1b	2034	0.002
ORF1b	2040	0.013
ORF1b	2041	0.002
ORF1b	2043	0.002
ORF1b	2048	0.012
ORF1b	2049	0.002
ORF1b	2057	0.002
ORF1b	2061	0.004
ORF1b	2063	0.012
ORF1b	2067	0.008
ORF1b	2070	0.004
ORF1b	2073	0.012
ORF1b	2074	0.004
ORF1b	2078	0.002
ORF1b	2079	0.004
ORF1b	2081	0.004
ORF1b	2083	0.002
ORF1b	2084	0.056
ORF1b	2086	0.008
ORF1b	2088	0.002
ORF1b	2089	0.021
ORF1b	2090	0.009
ORF1b	2099	0.008
ORF1b	2101	0.002
ORF1b	2105	0.005
ORF1b	2109	0.002
ORF1b	2110	0.005
ORF1b	2114	0.002
ORF1b	2116	0.005
ORF1b	2117	0.013
ORF1b	2120	0.002
ORF1b	2130	0.002
ORF1b	2131	0.002
ORF1b	2132	0.023
ORF1b	2133	0.002
ORF1b	2134	0.004
ORF1b	2139	0.002
ORF1b	2142	0.009
ORF1b	2143	0.011
ORF1b	2155	0.002
ORF1b	2159	0.002
ORF1b	2160	0.007
ORF1b	2161	0.002
ORF1b	2162	0.007
ORF1b	2163	0.011
ORF1b	2164	0.005
ORF1b	2165	0.020
ORF1b	2166	0.005
ORF1b	2167	0.002
ORF1b	2168	0.012
ORF1b	2169	0.002
ORF1b	2170	0.005
ORF1b	2171	0.002
ORF1b	2172	0.005
ORF1b	2173	0.002
ORF1b	2174	0.002
ORF1b	2175	0.002
ORF1b	2176	0.002
ORF1b	2177	0.002
ORF1b	2178	0.024
ORF1b	2179	0.024
ORF1b	2180	0.005
ORF1b	2181	0.002
ORF1b	2182	0.007
ORF1b	2183	0.011
ORF1b	2184	0.002
ORF1b	2185	0.002
ORF1b	2186	0.007
ORF1b	2187	0.002
ORF1b	2188	0.005
ORF1b	2189	0.007
ORF1b	2190	0.005
ORF1b	2191	0.002
ORF1b	2192	0.002
ORF1b	2193	0.002
ORF1b	2194	0.005
ORF1b	2195	0.002
ORF1b	2196	0.002
ORF1b	2197	0.002
ORF1b	2198	0.019
ORF1b	2199	0.007
ORF1b	2200	0.002
ORF1b	2201	0.014
ORF1b	2202	0.002
ORF1b	2203	0.002
ORF1b	2204	0.011
ORF1b	2205	0.005
ORF1b	2206	0.005
ORF1b	2207	0.002
ORF1b	2208	0.002
ORF1b	2209	0.002
ORF1b	2210	0.002
ORF1b	2211	0.007
ORF1b	2212	0.011
ORF1b	2213	0.015
ORF1b	2214	0.005
ORF1b	2215	0.002
ORF1b	2216	0.002
ORF1b	2217	0.007
ORF1b	2218	0.002
ORF1b	2219	0.005
ORF1b	2220	0.002
ORF1b	2221	0.005
ORF1b	2222	0.019
ORF1b	2223	0.007
ORF1b	2224	0.002
ORF1b	2225	0.002
ORF1b	2226	0.002
ORF1b	2227	0.002
ORF1b	2228	0.002
ORF1b	2229	0.002
ORF1b	2230	0.002
ORF1b	2231	0.002
ORF1b	2232	0.002
ORF1b	2233	0.012
ORF1b	2234	0.002
ORF1b	2235	0.007
ORF1b	2236	0.002
ORF1b	2237	0.009
ORF1b	2238	0.002
ORF1b	2244	0.005
ORF1b	2245	0.002
ORF1b	2247	0.008
ORF1b	2251	0.002
ORF1b	2253	0.005
ORF1b	2256	0.015
ORF1b	2257	0.020
ORF1b	2260	0.009
ORF1b	2267	0.002
ORF1b	2268	0.020
ORF1b	2269	0.019
ORF1b	2270	0.010
ORF1b	2274	0.004
ORF1b	2276	0.002
ORF1b	2277	0.002
ORF1b	2278	0.002
ORF1b	2279	0.006
ORF1b	2281	0.002
ORF1b	2282	0.010
ORF1b	2284	0.002
ORF1b	2285	0.002
ORF1b	2292	0.002
ORF1b	2293	0.002
ORF1b	2302	0.002
ORF1b	2303	0.023
ORF1b	2306	0.012
ORF1b	2308	0.043
ORF1b	2310	0.008
ORF1b	2311	0.009
ORF1b	2312	0.019
ORF1b	2313	0.025
ORF1b	2314	0.002
ORF1b	2315	0.007
ORF1b	2318	0.002
ORF1b	2320	0.009
ORF1b	2321	0.024
ORF1b	2322	0.002
ORF1b	2323	0.002
ORF1b	2327	0.002
ORF1b	2328	0.002
ORF1b	2329	0.002
ORF1b	2333	0.011
ORF1b	2334	0.005
ORF1b	2335	0.007
ORF1b	2336	0.004
ORF1b	2337	0.011
ORF1b	2338	0.004
ORF1b	2339	0.006
ORF1b	2340	0.002
ORF1b	2341	0.006
ORF1b	2342	0.002
ORF1b	2343	0.002
ORF1b	2351	0.002
ORF1b	2357	0.006
ORF1b	2359	0.002
ORF1b	2361	0.009
ORF1b	2363	0.005
ORF1b	2365	0.004
ORF1b	2368	0.006
ORF1b	2371	0.020
ORF1b	2375	0.002
ORF1b	2376	0.002
ORF1b	2381	0.002
ORF1b	2382	0.002
ORF1b	2384	0.002
ORF1b	2385	0.009
ORF1b	2386	0.007
ORF1b	2387	0.002
ORF1b	2388	0.010
ORF1b	2390	0.005
ORF1b	2393	0.002
ORF1b	2399	0.004
ORF1b	2400	0.005
ORF1b	2401	0.002
ORF1b	2403	0.042
ORF1b	2406	0.006
ORF1b	2408	0.002
ORF1b	2411	0.002
ORF1b	2417	0.002
ORF1b	2421	0.015
ORF1b	2423	0.002
ORF1b	2425	0.009
ORF1b	2430	0.015
ORF1b	2431	0.018
ORF1b	2432	0.028
ORF1b	2434	0.005
ORF1b	2435	0.002
ORF1b	2437	0.002
ORF1b	2445	0.002
ORF1b	2453	0.004
ORF1b	2460	0.002
ORF1b	2462	0.002
ORF1b	2465	0.008
ORF1b	2474	0.002
ORF1b	2475	0.008
ORF1b	2483	0.002
ORF1b	2488	0.006
ORF1b	2490	0.007
ORF1b	2497	0.002
ORF1b	2498	0.002
ORF1b	2499	0.002
ORF1b	2501	0.002
ORF1b	2504	0.004
ORF1b	2506	0.002
ORF1b	2508	0.004
ORF1b	2509	0.004
ORF1b	2510	0.012
ORF1b	2513	0.011
ORF1b	2514	0.006
ORF1b	2515	0.007
ORF1b	2516	0.002
ORF1b	2517	0.002
ORF1b	2520	0.002
ORF1b	2523	0.023
ORF1b	2524	0.002
ORF1b	2525	0.002
ORF1b	2526	0.002
ORF1b	2529	0.002
ORF1b	2530	0.002
ORF1b	2531	0.006
ORF1b	2536	0.004
ORF1b	2537	0.015
ORF1b	2538	0.006
ORF1b	2539	0.002
ORF1b	2540	0.002
ORF1b	2541	0.010
ORF1b	2548	0.052
ORF1b	2549	0.002
ORF1b	2554	0.004
ORF1b	2557	0.054
ORF1b	2559	0.002
ORF1b	2560	0.015
ORF1b	2563	0.002
ORF1b	2564	0.002
ORF1b	2565	0.005
ORF1b	2566	0.007
ORF1b	2568	0.005
ORF1b	2570	0.002
ORF1b	2575	0.008
ORF1b	2576	0.017
ORF1b	2579	0.014
ORF1b	2580	0.002
ORF1b	2581	0.002
ORF1b	2592	0.016
ORF1b	2596	0.004
ORF1b	2601	0.002
ORF1b	2602	0.002
ORF1b	2605	0.002
ORF1b	2609	0.002
ORF1b	2610	0.018
ORF1b	2612	0.025
ORF1b	2613	0.251
ORF1b	2615	0.002
ORF1b	2620	0.002
ORF1b	2631	0.002
ORF1b	2633	0.045
ORF1b	2634	0.002
ORF1b	2635	0.004
ORF1b	2636	0.002
ORF1b	2638	0.002
ORF1b	2640	0.002
ORF1b	2641	0.002
ORF1b	2642	0.002
ORF1b	2644	0.002
ORF1b	2648	0.002
ORF1b	2652	0.004
ORF1b	2655	0.010
ORF1b	2656	0.002
ORF1b	2657	0.002
ORF1b	2658	0.004
ORF1b	2661	0.010
ORF1b	2662	0.002
ORF1b	2665	0.002
ORF1b	2667	0.011
ORF1b	2674	0.002
ORF1b	2676	0.002
ORF1b	2681	0.002
ORF1b	2684	0.028
ORF1b	2687	0.004
ORF1b	2691	0.006
ORF1b	2695	0.011
ORF3a	2	0.008
ORF3a	5	0.002
ORF3a	6	0.004
ORF3a	7	0.004
ORF3a	9	0.004
ORF3a	10	0.006
ORF3a	11	0.007
ORF3a	12	0.002
ORF3a	13	0.030
ORF3a	14	0.019
ORF3a	15	0.052
ORF3a	16	0.018
ORF3a	17	0.004
ORF3a	18	0.019
ORF3a	19	0.018
ORF3a	20	0.008
ORF3a	21	0.033
ORF3a	22	0.018
ORF3a	23	0.019
ORF3a	24	0.008
ORF3a	25	0.011
ORF3a	26	0.018
ORF3a	27	0.044
ORF3a	28	0.004
ORF3a	29	0.002
ORF3a	30	0.002
ORF3a	31	0.007
ORF3a	32	0.012
ORF3a	33	0.020
ORF3a	34	0.006
ORF3a	35	0.007
ORF3a	38	0.047
ORF3a	39	0.004
ORF3a	40	0.010
ORF3a	41	0.016
ORF3a	42	0.044
ORF3a	43	0.007
ORF3a	44	0.011
ORF3a	45	0.023
ORF3a	46	0.009
ORF3a	47	0.002
ORF3a	48	0.002
ORF3a	49	0.011
ORF3a	50	0.007
ORF3a	51	0.002
ORF3a	52	0.038
ORF3a	53	0.022
ORF3a	54	0.045
ORF3a	55	0.027
ORF3a	56	0.002
ORF3a	57	0.624
ORF3a	58	0.032
ORF3a	59	0.004
ORF3a	60	0.011
ORF3a	61	0.004
ORF3a	62	0.012
ORF3a	63	0.007
ORF3a	64	0.004
ORF3a	65	0.006
ORF3a	66	0.005
ORF3a	67	0.020
ORF3a	68	0.006
ORF3a	69	0.019
ORF3a	70	0.002
ORF3a	72	0.019
ORF3a	73	0.007
ORF3a	74	0.030
ORF3a	75	0.004
ORF3a	76	0.004
ORF3a	77	0.056
ORF3a	78	0.048
ORF3a	79	0.002
ORF3a	81	0.002
ORF3a	82	0.002
ORF3a	83	0.005
ORF3a	84	0.002
ORF3a	85	0.008
ORF3a	86	0.015
ORF3a	88	0.008
ORF3a	89	0.004
ORF3a	90	0.005
ORF3a	92	0.006
ORF3a	93	0.002
ORF3a	94	0.018
ORF3a	95	0.006
ORF3a	96	0.002
ORF3a	98	0.011
ORF3a	99	0.058
ORF3a	100	0.020
ORF3a	101	0.007
ORF3a	103	0.007
ORF3a	104	0.029
ORF3a	105	0.005
ORF3a	106	0.015
ORF3a	107	0.007
ORF3a	108	0.014
ORF3a	109	0.011
ORF3a	110	0.035
ORF3a	111	0.002
ORF3a	112	0.026
ORF3a	113	0.004
ORF3a	118	0.007
ORF3a	119	0.005
ORF3a	121	0.007
ORF3a	122	0.005
ORF3a	123	0.004
ORF3a	125	0.004
ORF3a	126	0.007
ORF3a	127	0.006
ORF3a	128	0.015
ORF3a	129	0.015
ORF3a	131	0.093
ORF3a	132	0.002
ORF3a	133	0.002
ORF3a	134	0.018
ORF3a	136	0.004
ORF3a	140	0.016
ORF3a	142	0.009
ORF3a	143	0.009
ORF3a	147	0.002
ORF3a	149	0.012
ORF3a	150	0.002
ORF3a	151	0.068
ORF3a	154	0.002
ORF3a	155	0.058
ORF3a	156	0.002
ORF3a	158	0.007
ORF3a	162	0.002
ORF3a	163	0.009
ORF3a	165	0.017
ORF3a	166	0.023
ORF3a	171	0.224
ORF3a	172	0.287
ORF3a	173	0.006
ORF3a	174	0.106
ORF3a	175	0.027
ORF3a	176	0.006
ORF3a	177	0.005
ORF3a	180	0.029
ORF3a	181	0.002
ORF3a	182	0.006
ORF3a	183	0.002
ORF3a	184	0.005
ORF3a	185	0.044
ORF3a	188	0.008
ORF3a	189	0.002
ORF3a	191	0.005
ORF3a	193	0.026
ORF3a	194	0.011
ORF3a	195	0.005
ORF3a	196	0.048
ORF3a	198	0.002
ORF3a	199	0.007
ORF3a	202	0.047
ORF3a	209	0.016
ORF3a	210	0.004
ORF3a	211	0.004
ORF3a	213	0.012
ORF3a	216	0.016
ORF3a	217	0.002
ORF3a	219	0.004
ORF3a	220	0.010
ORF3a	222	0.019
ORF3a	223	0.145
ORF3a	224	0.060
ORF3a	225	0.007
ORF3a	226	0.004
ORF3a	227	0.005
ORF3a	229	0.007
ORF3a	230	0.002
ORF3a	231	0.002
ORF3a	232	0.002
ORF3a	239	0.006
ORF3a	240	0.020
ORF3a	241	0.007
ORF3a	244	0.002
ORF3a	247	0.002
ORF3a	248	0.002
ORF3a	251	0.051
ORF3a	253	0.082
ORF3a	254	0.019
ORF3a	255	0.016
ORF3a	256	0.015
ORF3a	257	0.015
ORF3a	258	0.010
ORF3a	259	0.015
ORF3a	260	0.012
ORF3a	261	0.019
ORF3a	262	0.009
ORF3a	263	0.005
ORF3a	264	0.004
ORF3a	266	0.002
ORF3a	267	0.007
ORF3a	268	0.004
ORF3a	269	0.004
ORF3a	271	0.004
ORF3a	272	0.005
ORF3a	273	0.004
ORF3a	275	0.002
ORF6	1	0.002
ORF6	2	0.065
ORF6	3	0.004
ORF6	4	0.002
ORF6	6	0.014
ORF6	7	0.010
ORF6	8	0.002
ORF6	9	0.008
ORF6	10	0.002
ORF6	12	0.004
ORF6	13	0.002
ORF6	14	0.004
ORF6	18	0.008
ORF6	19	0.002
ORF6	20	0.006
ORF6	21	0.010
ORF6	22	0.004
ORF6	23	0.004
ORF6	24	0.011
ORF6	25	0.008
ORF6	26	0.011
ORF6	27	0.013
ORF6	28	0.008
ORF6	29	0.006
ORF6	30	0.002
ORF6	31	0.002
ORF6	32	0.002
ORF6	33	0.090
ORF6	39	0.002
ORF6	42	0.008
ORF6	43	0.002
ORF6	47	0.002
ORF6	48	0.002
ORF6	49	0.002
ORF6	53	0.009
ORF6	55	0.002
ORF6	57	0.002
ORF6	58	0.005
ORF6	60	0.006
ORF6	61	0.007
ORF6	62	0.002
ORF7a	1	0.002
ORF7a	2	0.002
ORF7a	3	0.002
ORF7a	4	0.006
ORF7a	5	0.011
ORF7a	6	0.018
ORF7a	7	0.008
ORF7a	8	0.018
ORF7a	9	0.008
ORF7a	10	0.015
ORF7a	11	0.017
ORF7a	12	0.011
ORF7a	13	0.019
ORF7a	14	0.039
ORF7a	15	0.008
ORF7a	16	0.013
ORF7a	17	0.021
ORF7a	18	0.008
ORF7a	19	0.008
ORF7a	20	0.008
ORF7a	21	0.008
ORF7a	22	0.011
ORF7a	23	0.002
ORF7a	24	0.009
ORF7a	25	0.007
ORF7a	26	0.002
ORF7a	27	0.002
ORF7a	28	0.019
ORF7a	29	0.011
ORF7a	30	0.002
ORF7a	31	0.005
ORF7a	32	0.002
ORF7a	33	0.002
ORF7a	34	0.017
ORF7a	35	0.002
ORF7a	36	0.002
ORF7a	37	0.005
ORF7a	38	0.016
ORF7a	39	0.021
ORF7a	40	0.004
ORF7a	41	0.007
ORF7a	42	0.007
ORF7a	43	0.007
ORF7a	44	0.004
ORF7a	45	0.014
ORF7a	46	0.002
ORF7a	47	0.007
ORF7a	48	0.002
ORF7a	49	0.002
ORF7a	50	0.007
ORF7a	51	0.005
ORF7a	52	0.002
ORF7a	53	0.002
ORF7a	54	0.005
ORF7a	55	0.002
ORF7a	56	0.005
ORF7a	57	0.012
ORF7a	58	0.002
ORF7a	59	0.011
ORF7a	60	0.013
ORF7a	61	0.016
ORF7a	62	0.046
ORF7a	63	0.006
ORF7a	64	0.009
ORF7a	65	0.002
ORF7a	66	0.008
ORF7a	67	0.008
ORF7a	68	0.008
ORF7a	69	0.008
ORF7a	70	0.011
ORF7a	71	0.011
ORF7a	72	0.008
ORF7a	73	0.014
ORF7a	74	0.011
ORF7a	75	0.008
ORF7a	76	0.008
ORF7a	77	0.008
ORF7a	78	0.009
ORF7a	79	0.004
ORF7a	80	0.019
ORF7a	81	0.015
ORF7a	82	0.016
ORF7a	83	0.015
ORF7a	84	0.007
ORF7a	85	0.005
ORF7a	86	0.002
ORF7a	87	0.002
ORF7a	88	0.007
ORF7a	89	0.007
ORF7a	90	0.005
ORF7a	91	0.002
ORF7a	92	0.002
ORF7a	93	0.023
ORF7a	94	0.024
ORF7a	95	0.004
ORF7a	96	0.017
ORF7a	97	0.005
ORF7a	98	0.007
ORF7a	99	0.015
ORF7a	100	0.007
ORF7a	101	0.004
ORF7a	102	0.007
ORF7a	103	0.002
ORF7a	104	0.016
ORF7a	105	0.013
ORF7a	106	0.002
ORF7a	107	0.002
ORF7a	108	0.005
ORF7a	109	0.002
ORF7a	110	0.009
ORF7a	111	0.002
ORF7a	112	0.002
ORF7a	115	0.008
ORF7a	116	0.010
ORF7a	117	0.002
ORF7a	118	0.006
ORF7a	119	0.002
ORF7a	120	0.012
ORF7a	121	0.013
ORF7a	122	0.014
ORF7b	1	0.022
ORF7b	2	0.012
ORF7b	3	0.005
ORF7b	4	0.016
ORF7b	5	0.014
ORF7b	6	0.002
ORF7b	8	0.002
ORF7b	9	0.002
ORF7b	10	0.002
ORF7b	11	0.002
ORF7b	12	0.004
ORF7b	13	0.004
ORF7b	14	0.004
ORF7b	15	0.026
ORF7b	17	0.002
ORF7b	20	0.002
ORF7b	21	0.002
ORF7b	24	0.004
ORF7b	25	0.005
ORF7b	26	0.005
ORF7b	27	0.009
ORF7b	28	0.002
ORF7b	29	0.005
ORF7b	30	0.002
ORF7b	31	0.014
ORF7b	32	0.007
ORF7b	33	0.014
ORF7b	34	0.005
ORF7b	35	0.002
ORF7b	36	0.007
ORF7b	37	0.011
ORF7b	38	0.007
ORF7b	39	0.032
ORF7b	40	0.012
ORF7b	41	0.010
ORF7b	42	0.011
ORF7b	43	0.002
ORF8	1	0.015
ORF8	2	0.032
ORF8	3	0.009
ORF8	4	0.033
ORF8	5	0.005
ORF8	7	0.004
ORF8	8	0.044
ORF8	9	0.027
ORF8	10	0.041
ORF8	11	0.070
ORF8	12	0.022
ORF8	13	0.015
ORF8	14	0.015
ORF8	15	0.022
ORF8	16	0.021
ORF8	17	0.023
ORF8	18	0.047
ORF8	19	0.026
ORF8	20	0.022
ORF8	21	0.015
ORF8	22	0.015
ORF8	23	0.022
ORF8	24	0.268
ORF8	25	0.019
ORF8	26	0.031
ORF8	27	0.387
ORF8	28	0.017
ORF8	29	0.019
ORF8	30	0.025
ORF8	31	0.016
ORF8	32	0.037
ORF8	33	0.016
ORF8	34	0.019
ORF8	35	0.026
ORF8	36	0.040
ORF8	37	0.016
ORF8	38	0.030
ORF8	39	0.030
ORF8	40	0.016
ORF8	41	0.016
ORF8	42	0.016
ORF8	43	0.016
ORF8	44	0.021
ORF8	45	0.040
ORF8	46	0.018
ORF8	47	0.016
ORF8	48	0.019
ORF8	49	0.016
ORF8	50	0.023
ORF8	51	0.041
ORF8	52	0.398
ORF8	53	0.016
ORF8	54	0.035
ORF8	55	0.031
ORF8	56	0.016
ORF8	57	0.019
ORF8	58	0.021
ORF8	59	0.025
ORF8	60	0.019
ORF8	61	0.036
ORF8	62	0.058
ORF8	63	0.031
ORF8	64	0.053
ORF8	65	0.078
ORF8	66	0.023
ORF8	67	0.076
ORF8	68	0.219
ORF8	69	0.031
ORF8	70	0.025
ORF8	71	0.019
ORF8	72	0.021
ORF8	73	0.382
ORF8	74	0.019
ORF8	75	0.016
ORF8	76	0.021
ORF8	77	0.021
ORF8	78	0.016
ORF8	79	0.016
ORF8	80	0.019
ORF8	81	0.019
ORF8	82	0.021
ORF8	83	0.020
ORF8	84	0.184
ORF8	85	0.019
ORF8	86	0.016
ORF8	87	0.040
ORF8	88	0.016
ORF8	89	0.025
ORF8	90	0.019
ORF8	91	0.025
ORF8	92	0.137
ORF8	93	0.020
ORF8	94	0.018
ORF8	95	0.080
ORF8	96	0.020
ORF8	97	0.034
ORF8	98	0.018
ORF8	99	0.023
ORF8	100	0.030
ORF8	101	0.028
ORF8	102	0.020
ORF8	103	0.022
ORF8	104	0.018
ORF8	105	0.002
ORF8	106	0.025
ORF8	107	0.009
ORF8	108	0.002
ORF8	109	0.002
ORF8	110	0.007
ORF8	111	0.009
ORF8	113	0.002
ORF8	114	0.021
ORF8	115	0.005
ORF8	116	0.009
ORF8	117	0.011
ORF8	118	0.048
ORF8	119	0.007
ORF8	120	0.025
ORF8	121	0.075
ORF8	122	0.002
ORF9b	2	0.002
ORF9b	3	0.031
ORF9b	4	0.014
ORF9b	5	0.015
ORF9b	6	0.039
ORF9b	7	0.002
ORF9b	8	0.025
ORF9b	9	0.059
ORF9b	10	0.119
ORF9b	11	0.007
ORF9b	13	0.031
ORF9b	14	0.006
ORF9b	15	0.010
ORF9b	18	0.002
ORF9b	19	0.011
ORF9b	20	0.002
ORF9b	22	0.002
ORF9b	25	0.005
ORF9b	26	0.020
ORF9b	27	0.005
ORF9b	28	0.002
ORF9b	30	0.005
ORF9b	32	0.115
ORF9b	33	0.009
ORF9b	34	0.002
ORF9b	35	0.012
ORF9b	36	0.002
ORF9b	38	0.024
ORF9b	39	0.006
ORF9b	43	0.002
ORF9b	45	0.005
ORF9b	47	0.002
ORF9b	48	0.002
ORF9b	50	0.008
ORF9b	53	0.002
ORF9b	55	0.002
ORF9b	57	0.035
ORF9b	58	0.002
ORF9b	59	0.002
ORF9b	61	0.008
ORF9b	62	0.002
ORF9b	63	0.002
ORF9b	64	0.017
ORF9b	67	0.013
ORF9b	69	0.002
ORF9b	72	0.006
ORF9b	73	0.002
ORF9b	74	0.004
ORF9b	75	0.008
ORF9b	77	0.077
ORF9b	78	0.006
ORF9b	79	0.002
ORF9b	80	0.002
ORF9b	82	0.002
ORF9b	83	0.010
ORF9b	84	0.002
ORF9b	86	0.002
ORF9b	87	0.002
ORF9b	90	0.002
ORF9b	98	0.002
S	3	0.016
S	4	0.002
S	5	0.122
S	6	0.018
S	8	0.002
S	9	0.007
S	12	0.032
S	13	0.061
S	14	0.005
S	16	0.015
S	17	0.004
S	18	0.208
S	19	0.021
S	20	0.092
S	21	0.017
S	22	0.029
S	23	0.007
S	24	0.002
S	26	0.091
S	27	0.032
S	28	0.010
S	29	0.016
S	30	0.002
S	33	0.011
S	35	0.006
S	42	0.002
S	49	0.020
S	50	0.002
S	51	0.008
S	52	0.049
S	54	0.023
S	56	0.002
S	57	0.002
S	64	0.002
S	67	0.075
S	68	0.014
S	69	0.426
S	70	0.424
S	72	0.004
S	73	0.002
S	74	0.002
S	75	0.047
S	76	0.016
S	77	0.002
S	78	0.009
S	80	0.223
S	83	0.002
S	85	0.004
S	88	0.005
S	94	0.012
S	95	0.058
S	96	0.027
S	98	0.052
S	100	0.002
S	102	0.029
S	107	0.002
S	110	0.002
S	112	0.002
S	118	0.002
S	119	0.004
S	120	0.002
S	125	0.002
S	127	0.002
S	132	0.005
S	133	0.002
S	134	0.002
S	137	0.002
S	138	0.112
S	140	0.002
S	141	0.052
S	142	0.058
S	143	0.056
S	144	0.405
S	145	0.007
S	146	0.005
S	148	0.005
S	150	0.002
S	151	0.006
S	152	0.105
S	153	0.066
S	154	0.013
S	155	0.004
S	156	0.007
S	157	0.072
S	159	0.002
S	162	0.002
S	163	0.002
S	170	0.002
S	171	0.002
S	173	0.012
S	174	0.002
S	176	0.018
S	177	0.011
S	178	0.013
S	179	0.002
S	180	0.009
S	181	0.017
S	182	0.002
S	183	0.002
S	184	0.002
S	186	0.004
S	188	0.002
S	189	0.025
S	190	0.069
S	197	0.002
S	205	0.002
S	210	0.034
S	212	0.002
S	214	0.006
S	215	0.206
S	216	0.006
S	218	0.006
S	219	0.002
S	221	0.012
S	222	0.173
S	226	0.002
S	227	0.007
S	228	0.002
S	229	0.004
S	231	0.002
S	232	0.005
S	239	0.002
S	241	0.182
S	242	0.192
S	243	0.196
S	244	0.009
S	245	0.018
S	246	0.023
S	247	0.008
S	248	0.008
S	249	0.019
S	250	0.004
S	251	0.012
S	252	0.009
S	253	0.037
S	254	0.008
S	255	0.007
S	256	0.008
S	257	0.021
S	258	0.023
S	259	0.007
S	260	0.002
S	261	0.009
S	262	0.024
S	263	0.013
S	272	0.018
S	275	0.002
S	278	0.002
S	279	0.002
S	281	0.012
S	284	0.002
S	287	0.002
S	289	0.006
S	293	0.002
S	299	0.002
S	304	0.002
S	307	0.012
S	308	0.006
S	309	0.004
S	320	0.002
S	321	0.004
S	323	0.002
S	330	0.004
S	335	0.002
S	336	0.002
S	337	0.002
S	338	0.004
S	339	0.002
S	341	0.002
S	344	0.002
S	346	0.023
S	348	0.014
S	349	0.004
S	352	0.004
S	357	0.010
S	358	0.002
S	361	0.002
S	362	0.004
S	367	0.066
S	370	0.004
S	372	0.002
S	373	0.009
S	382	0.028
S	384	0.006
S	385	0.016
S	393	0.002
S	402	0.002
S	406	0.002
S	408	0.005
S	414	0.030
S	417	0.236
S	419	0.002
S	420	0.002
S	427	0.005
S	439	0.139
S	440	0.033
S	441	0.002
S	442	0.002
S	450	0.006
S	452	0.144
S	453	0.002
S	455	0.004
S	459	0.015
S	461	0.002
S	470	0.007
S	475	0.002
S	476	0.002
S	477	0.157
S	478	0.102
S	481	0.002
S	483	0.007
S	484	0.309
S	490	0.016
S	494	0.028
S	501	0.526
S	503	0.008
S	508	0.006
S	519	0.002
S	520	0.034
S	521	0.002
S	522	0.026
S	527	0.002
S	528	0.002
S	529	0.002
S	537	0.002
S	539	0.002
S	546	0.002
S	547	0.013
S	553	0.002
S	554	0.004
S	556	0.004
S	558	0.012
S	565	0.006
S	570	0.373
S	572	0.012
S	573	0.004
S	574	0.002
S	575	0.004
S	583	0.016
S	585	0.002
S	588	0.002
S	611	0.002
S	613	0.068
S	614	0.282
S	615	0.002
S	618	0.004
S	622	0.018
S	623	0.009
S	626	0.018
S	627	0.002
S	631	0.007
S	632	0.002
S	635	0.002
S	638	0.002
S	639	0.002
S	640	0.015
S	641	0.005
S	646	0.002
S	647	0.004
S	653	0.008
S	654	0.016
S	655	0.080
S	657	0.007
S	658	0.002
S	661	0.004
S	672	0.004
S	675	0.083
S	676	0.011
S	677	0.165
S	678	0.007
S	679	0.021
S	681	0.567
S	683	0.002
S	684	0.012
S	687	0.006
S	688	0.023
S	689	0.025
S	690	0.009
S	691	0.002
S	692	0.002
S	694	0.011
S	697	0.002
S	701	0.218
S	704	0.014
S	706	0.022
S	710	0.002
S	714	0.004
S	716	0.377
S	717	0.002
S	719	0.007
S	720	0.002
S	723	0.008
S	728	0.002
S	730	0.002
S	731	0.008
S	732	0.130
S	735	0.002
S	745	0.004
S	747	0.007
S	751	0.002
S	758	0.002
S	769	0.034
S	771	0.012
S	772	0.024
S	778	0.025
S	779	0.009
S	780	0.013
S	791	0.002
S	792	0.002
S	793	0.004
S	796	0.011
S	803	0.002
S	805	0.002
S	807	0.007
S	808	0.005
S	809	0.012
S	812	0.018
S	813	0.006
S	822	0.006
S	826	0.006
S	829	0.007
S	834	0.004
S	836	0.005
S	839	0.007
S	842	0.006
S	843	0.002
S	845	0.022
S	850	0.002
S	854	0.004
S	858	0.002
S	859	0.028
S	863	0.002
S	869	0.002
S	870	0.005
S	871	0.009
S	874	0.002
S	879	0.015
S	883	0.002
S	884	0.002
S	888	0.054
S	890	0.002
S	892	0.013
S	893	0.002
S	895	0.002
S	898	0.002
S	899	0.006
S	900	0.002
S	911	0.004
S	912	0.002
S	918	0.002
S	922	0.006
S	929	0.002
S	932	0.002
S	935	0.004
S	936	0.037
S	938	0.004
S	939	0.036
S	940	0.010
S	942	0.002
S	946	0.004
S	950	0.009
S	957	0.020
S	968	0.002
S	982	0.368
S	986	0.002
S	1016	0.002
S	1020	0.022
S	1022	0.006
S	1027	0.068
S	1040	0.006
S	1045	0.005
S	1050	0.005
S	1058	0.002
S	1063	0.008
S	1068	0.002
S	1070	0.005
S	1071	0.020
S	1073	0.007
S	1076	0.002
S	1078	0.029
S	1079	0.002
S	1081	0.002
S	1083	0.004
S	1084	0.004
S	1085	0.007
S	1087	0.009
S	1091	0.007
S	1092	0.020
S	1095	0.002
S	1101	0.032
S	1104	0.009
S	1111	0.004
S	1114	0.004
S	1116	0.002
S	1117	0.042
S	1118	0.380
S	1120	0.002
S	1122	0.015
S	1124	0.006
S	1125	0.002
S	1128	0.005
S	1130	0.002
S	1133	0.005
S	1141	0.002
S	1143	0.002
S	1144	0.005
S	1146	0.004
S	1153	0.002
S	1155	0.016
S	1159	0.021
S	1162	0.015
S	1163	0.012
S	1164	0.004
S	1167	0.061
S	1168	0.002
S	1169	0.002
S	1171	0.004
S	1174	0.002
S	1176	0.146
S	1182	0.002
S	1187	0.002
S	1191	0.025
S	1192	0.005
S	1201	0.005
S	1202	0.010
S	1205	0.004
S	1207	0.002
S	1208	0.002
S	1210	0.002
S	1216	0.005
S	1219	0.028
S	1222	0.002
S	1225	0.002
S	1226	0.002
S	1228	0.031
S	1229	0.023
S	1233	0.002
S	1235	0.006
S	1236	0.007
S	1237	0.025
S	1243	0.002
S	1245	0.002
S	1247	0.011
S	1248	0.006
S	1250	0.002
S	1251	0.016
S	1252	0.012
S	1253	0.002
S	1254	0.009
S	1255	0.002
S	1256	0.002
S	1257	0.002
S	1258	0.005
S	1259	0.005
S	1260	0.005
S	1262	0.002
S	1263	0.010
S	1264	0.016
S	1266	0.002
S	1267	0.005
S	1272	0.002